cust_id,first_name,last_name,gender_id,phone,addr,city_id
1,Merri,Waelchi,1,1-229-325-2871,9429 Sol Oval,1
2,Kathe,Block,1,(491) 002-0106,1251 Von Centers,2
3,Titus,Stamm,1,891-423-1722,90661 Theodore Junctions,3
4,Ona,Dicki,2,1-584-701-3504,595 Hegmann Viaduct,4
5,Teodoro,Cummerata,1,510.062.2724,592 Blanch Extensions,5
6,Wade,Williamson,2,(160) 521-1386,220 Sade Streets,6
7,Vonda,Kris,1,(100) 230-4885,6794 Barrows Bridge,7
8,Blaine,Pouros,1,665-629-3562,7157 Herzog Green,8
9,Cherise,Rempel,1,1-825-329-8895,4021 Carri Wall,9
10,Benton,Wiza,1,1-720-114-5747,3955 Buddy Isle,10
11,Jerold,Murphy,2,(500) 333-4035,873 Huel Club,11
12,Alecia,Borer,2,350.404.7814,8940 Bridgett Place,12
13,Bobbi,Hartmann,2,1-934-669-1226,72967 Richie Prairie,13
14,Jennie,Luettgen,1,625.115.4095,67991 Hills Station,14
15,Jamar,Brown,2,1-442-225-2973,59213 Torri Harbor,15
16,Bethel,Schamberger,1,952.457.2603,98809 Lueilwitz Village,16
17,Lottie,Abshire,1,680-004-8947,4777 Reid Points,17
18,Eldridge,Raynor,1,331.107.9358,54088 Medhurst Spring,18
19,Cindi,Doyle,1,353-452-1449,3640 Ferry Shores,19
20,Anibal,Bahringer,2,564.130.2816,9710 Theresia Mews,20
21,Dagny,Torp,1,(494) 139-9378,7229 Humberto Flats,21
22,Carmela,Klein,2,(751) 440-7174,8976 Toy Valley,22
23,Karl,Kuhic,2,1-387-021-7017,84444 Cathryn Court,23
24,Jerome,Feeney,2,1-852-608-8376,8242 Durgan Radial,24
25,Roxy,Langosh,2,1-149-138-8305,200 Strosin Village,25
26,Teri,Thiel,1,209.231.8439,129 Langworth Junctions,26
27,Laila,Cummerata,2,250.067.8434,82017 Gloria Fords,27
28,Brady,Crona,1,680.864.3299,140 Sal Village,28
29,Dexter,Vandervort,2,(738) 274-7181,65580 Smith Views,29
30,Jamaal,Bashirian,1,354.156.0291,312 Fae Row,30
31,Myong,Stroman,1,1-401-682-2506,63442 Kendrick Ridges,31
32,Chong,Kuhlman,2,1-790-842-4339,22068 Carmelita Landing,32
33,Cory,Sanford,1,900-820-7961,51749 Roob Shore,33
34,Edgardo,Batz,2,1-472-243-0115,157 Kate Lake,34
35,Dania,Marks,2,(464) 415-0002,83481 Keeling Underpass,35
36,Sondra,Trantow,2,219-754-1084,51131 Pfeffer Lakes,36
37,Tawana,Torp,2,207-778-9655,2694 Schoen Drive,37
38,Sylvester,Abshire,2,(436) 904-5758,65400 Myrtis Ways,38
39,Caren,Schroeder,2,(837) 542-8464,9623 Geoffrey Rue,39
40,Davida,Huel,1,(163) 692-0791,44364 Thiel Gardens,40
41,Clark,Walker,2,(795) 984-6827,141 Terry Summit,41
42,Shawnee,Haley,2,176.461.5284,3917 Borer Shores,42
43,Garth,Reilly,1,(563) 440-6362,734 Valentin Lakes,43
44,Rebbeca,Medhurst,1,522.151.4614,416 Johnson Springs,44
45,Lala,O'Kon,1,1-281-663-6545,8673 Wiley Passage,45
46,Marquerite,Cummerata,1,113.937.4360,899 Russel Crest,46
47,Crystal,Romaguera,1,(748) 790-0190,35137 MacGyver Roads,47
48,Isaiah,Dickinson,2,718-199-3596,8503 Bernier Fields,48
49,Billie,Cartwright,1,(100) 083-0015,54975 Kerri Trace,49
50,Azalee,Huels,1,864-023-4458,691 Beau Mission,50
51,Sona,Klein,1,1-754-710-5538,87395 Dwight Springs,51
52,Christoper,Cummerata,2,(610) 895-8903,813 Clark Grove,52
53,Felica,Hegmann,2,139-842-7242,3493 Fredericka Crossroad,53
54,Homer,Wiegand,1,1-100-860-4283,2517 Angla Wells,54
55,Maryjo,Cremin,1,137-748-3161,96484 Sung Ferry,55
56,Xavier,Renner,1,485-042-5093,165 Lebsack Burgs,56
57,Aaron,Marquardt,1,180.995.9879,336 Moises Crest,57
58,Vallie,Kilback,2,1-104-540-9129,169 Jarred Extensions,58
59,Mirna,Wuckert,1,1-355-101-9110,2727 Maggio Camp,59
60,Jacques,Donnelly,2,1-338-930-8336,27065 Gigi Fall,60
61,Loretta,Olson,1,431.120.6394,89332 Schmeler Mission,61
62,Santiago,Larson,2,1-656-103-4720,192 Eldon Extension,62
63,Chantal,Lubowitz,2,(955) 589-7749,6619 Connelly Streets,63
64,Eda,Grimes,1,688.982.9811,382 Steuber Lodge,64
65,Magaret,Kassulke,2,1-764-250-1630,721 Tod Ridges,65
66,Loan,Langosh,1,(511) 937-4686,2689 Medhurst Views,66
67,Fredda,Howe,1,(484) 247-3055,45776 Ziemann Village,67
68,Ariel,Hand,1,1-333-036-2337,52395 Larkin Harbor,68
69,Dion,Watsica,2,430-629-3288,873 Ritchie Lights,69
70,Lacy,Swift,1,(947) 445-3447,78926 Flo Shore,70
71,Drew,Witting,2,491.912.5337,53929 Pandora Mount,71
72,Adelia,Koelpin,1,1-743-222-7367,407 Cummings Circle,72
73,Rocky,Emmerich,1,816.049.6406,965 Borer Brooks,73
74,Roberta,Conn,1,(604) 768-4138,15291 Joe Hill,74
75,Emile,Stoltenberg,2,(130) 133-0981,4414 Odell Loop,75
76,Kasey,Kohler,1,(417) 664-6894,728 Casey Turnpike,76
77,Bethanie,Beahan,1,154.783.0205,448 Mervin Route,77
78,Becky,Cremin,2,244.836.8837,8624 Nienow Stream,78
79,Mikel,Herzog,2,(838) 500-6002,33540 Monahan Manors,79
80,Kristel,Rutherford,1,245-935-2361,4130 Max Extensions,80
81,Windy,Legros,2,(402) 028-0745,464 Morar Neck,81
82,Laree,Nienow,1,441-667-1673,3433 Josphine Walks,82
83,Darnell,Fadel,1,137.398.8790,4700 Fidela Bridge,83
84,Chauncey,Pagac,2,728-770-7914,92981 Lind Orchard,84
85,Arnold,Adams,2,361-521-0748,66511 Reyes Terrace,85
86,Brady,Adams,2,217.633.8056,981 Gislason Bridge,86
87,Hellen,Turner,2,(666) 957-8018,3348 Thurman Locks,87
88,Darcy,Pacocha,1,1-761-469-4826,49970 Darell Walks,88
89,Lulu,MacGyver,1,757.099.6154,54912 Lubowitz River,89
90,Zoila,Kunze,2,(766) 370-0718,147 Yundt Lakes,90
91,Val,Yost,1,848.231.8108,9099 Preston Plaza,91
92,Leena,Robel,2,235-210-1942,253 Kindra Stravenue,92
93,Phebe,Bergnaum,2,(266) 171-0507,728 Xavier Pass,93
94,Salvador,Schuster,1,1-344-175-7681,190 Lueilwitz Circle,94
95,Ellamae,Conn,2,667-763-3359,7661 Neoma Meadow,95
96,Gabriella,Gerlach,2,990.314.2305,740 Stark Falls,96
97,Cruz,Veum,1,(433) 995-9234,3357 Douglass Terrace,97
98,Merrill,Heaney,1,974-971-9054,2520 Kshlerin Crossroad,98
99,Ryan,Sauer,2,(174) 539-1960,71445 Horacio Key,99
100,Doyle,Fadel,2,1-433-748-9059,53465 Timothy Cliff,100
101,Jovan,McGlynn,1,477-635-7787,9318 Ramon Crossing,101
102,Chong,Kris,2,874.427.0622,90364 Adell Pine,102
103,Charleen,Torphy,2,1-940-099-4651,435 Hahn Brook,103
104,Charles,Yundt,1,1-218-771-6629,794 Sherwood Manor,104
105,Merlin,Toy,2,1-211-412-1934,440 Jacques Path,105
106,Jessi,Kunde,1,585-728-8632,133 Sean Square,106
107,Moshe,Rosenbaum,2,982-565-1667,376 Lory Isle,107
108,Chi,Lueilwitz,1,976.433.0201,9328 Hauck Avenue,108
109,Ernie,Donnelly,2,988.820.9308,63425 Schinner River,109
110,Jaymie,Yost,1,1-585-690-0903,1940 Jefferson Tunnel,110
111,Kim,Price,2,888-001-1655,9787 Upton Flats,111
112,Missy,Nader,2,361-245-9325,117 Brigida Mountain,112
113,Hershel,Pollich,2,(484) 694-9181,5785 DuBuque Key,113
114,Ben,Prosacco,1,1-964-865-8406,93763 Nikolaus Plain,114
115,Taunya,Schulist,1,971-042-4984,605 Walter Grove,115
116,Keshia,Schimmel,1,726-658-8277,63134 Solange Glen,116
117,Cameron,Doyle,1,228.249.1404,797 Delora Plaza,117
118,Marvin,Schmitt,1,(914) 957-0638,3694 Feeney Ranch,118
119,Cyndy,Metz,2,1-179-184-2915,158 Lenard Lights,119
120,Georgiann,Stehr,2,134.984.4382,334 Senger Wall,120
121,Jessia,Reichert,1,1-265-397-3927,171 Dibbert Ferry,121
122,Gilma,Erdman,2,817.605.7450,2174 Kirby Manor,122
123,Sharee,Blanda,2,970-324-0778,580 Hang Rue,123
124,Bradford,Braun,2,(880) 298-6245,8808 Ortiz Parks,124
125,Maida,Bechtelar,1,(387) 779-9265,3982 Heaney Plains,125
126,Clemencia,Kirlin,2,(801) 357-9648,486 Frederic Roads,126
127,Branda,Abernathy,1,(890) 929-2550,336 Kilback Mountains,127
128,Tracey,Nolan,1,1-793-278-1756,827 Delaine Springs,128
129,Abbie,Hahn,1,(421) 718-7479,75912 Sherice Junctions,129
130,Jeromy,Renner,1,683-860-8927,737 Ernie Grove,130
131,Wanita,Kohler,1,(418) 364-0366,8047 Schmidt Ways,131
132,Sheridan,Gerhold,1,816.594.8261,39946 Ratke Parks,132
133,Douglas,Sawayn,2,1-321-902-3017,8523 Moore Freeway,133
134,Rebekah,Sawayn,2,926-277-4448,98712 Winnifred Coves,134
135,Vernon,Nolan,1,(427) 225-0264,97992 Kuhn Gardens,135
136,Percy,Grant,2,1-283-784-4906,7624 Ladonna Corner,136
137,Chi,Mante,1,841-929-6614,1054 Muller Field,137
138,Trey,Hagenes,1,248-793-4888,7906 Ryan Shores,138
139,Joe,Sipes,1,256-563-9921,61630 Rocky Estates,139
140,Trinh,Littel,2,230.134.1828,64069 Schiller Stravenue,140
141,Camilla,Hodkiewicz,2,504.582.7933,1762 Petrina Springs,141
142,Kendal,Batz,2,1-873-259-0522,61806 Heaney Plains,142
143,Lesley,Lakin,2,1-333-047-1800,73809 Auer Keys,143
144,Rashad,Cremin,2,274.419.5962,3972 Myung Mountain,144
145,Kenyatta,Collins,1,1-203-290-7495,50329 Lowell Island,145
146,Benedict,Bednar,2,1-666-420-7431,741 Jame Ridges,146
147,Augustina,Windler,1,1-775-196-5554,3061 Botsford Plain,147
148,Irwin,Spencer,1,(773) 874-5168,200 Winfred Station,148
149,Joseph,Reilly,1,(883) 343-0591,38760 Nakia Mill,149
150,Kesha,Jacobson,2,287.361.3412,57983 Renner Square,150
151,Tyra,Sporer,2,(283) 966-9634,5316 Stehr Path,151
152,Freddie,Ernser,2,1-277-795-1174,64593 Heathcote Path,152
153,Freida,Mosciski,2,(585) 217-1521,6605 Valrie Plains,153
154,Julie,Ratke,1,429-078-6871,412 Ivory Ridge,154
155,Melonie,Fritsch,1,427.827.5088,4869 Chung Forest,155
156,Dwayne,Murray,1,239-288-3876,7632 Gianna Mission,156
157,Myrtis,Russel,1,1-381-737-9515,79598 Connelly Crescent,157
158,Lawerence,Quigley,1,637-865-0128,7684 Gwyneth Burg,158
159,Nichelle,Johns,1,1-146-262-3745,39027 Donnelly Overpass,159
160,Mauricio,Thompson,2,319.749.6558,4174 Gilberto Courts,160
161,Sally,Schmitt,2,485.216.8239,4839 Manda Highway,161
162,Nidia,Haley,1,848.220.6581,47271 Chi Circles,162
163,Laureen,Luettgen,1,879.790.2045,45660 Heaney Street,163
164,Reinaldo,Feil,1,307-313-7266,246 Otto Terrace,164
165,Ami,Kub,1,(289) 783-0734,12122 Price Streets,165
166,Donella,Koepp,2,601-787-7451,466 Corwin Village,166
167,Keenan,Daniel,2,1-339-891-3628,4356 Quinton Villages,167
168,Lawrence,Walsh,1,(925) 277-9746,33690 Zieme Mill,168
169,Ann,Spinka,1,(228) 868-9698,782 Chas Gateway,169
170,Kourtney,Bode,2,909.368.8556,73446 Hattie Dam,170
171,Tuan,Considine,2,(976) 492-1003,93707 Viviana Ridges,171
172,Gregg,Leuschke,1,595-152-5481,8535 Diane Spring,172
173,Alexia,Johnson,2,(113) 627-5115,33257 Fisher Bridge,173
174,Lincoln,Kshlerin,2,915-165-7089,4763 Lloyd Circle,174
175,Shanice,Zieme,1,1-690-008-7835,48451 Maurice Key,175
176,Dick,Bogisich,1,(296) 504-6318,96392 Harvey Ford,176
177,Rochelle,Price,1,702.097.8492,2551 Lilliana Shores,177
178,Jay,Moore,2,254.466.2715,3572 Harvey Summit,178
179,Tyra,Prosacco,1,1-510-613-3700,955 Howe Passage,179
180,Darlena,Green,2,(477) 242-4867,569 Crooks Freeway,180
181,Raleigh,Leannon,2,493.949.5140,58520 Tracey Skyway,181
182,Christal,Daniel,1,1-274-347-3070,339 Stehr Greens,182
183,Douglass,Thompson,1,1-898-636-1377,94676 D'Amore Springs,183
184,Lon,Gerlach,1,1-520-254-9315,730 Garret Points,184
185,Merideth,Gleason,2,394.511.2355,5378 Feest Drive,185
186,Debera,Price,2,323.640.1883,3542 Green Key,186
187,Emil,Abshire,2,394.879.7117,60109 Sauer Stravenue,187
188,Salvador,Ullrich,1,321-028-2959,8932 Colby View,188
189,Jannie,Torp,1,599-045-7983,28179 Manual Mission,189
190,Eartha,O'Conner,2,1-390-387-1346,31383 Lula Vista,190
191,Leonard,Herman,2,415-042-1209,238 Candelaria Orchard,191
192,Hershel,Gusikowski,2,(579) 292-9104,4432 Zulauf Center,192
193,Retta,Trantow,2,1-843-370-6990,88244 Medhurst Loop,193
194,Julio,Wyman,1,1-305-484-8247,39139 Reyes Plaza,194
195,Stanton,Yost,2,649.769.6520,5159 Glover Islands,195
196,Gilberte,Haley,2,(459) 142-5233,3770 Stark Parkway,196
197,Shawnda,Lowe,1,1-145-188-8459,914 Sixta Drives,197
198,Dollie,West,2,(401) 727-3360,8949 Wehner Pines,198
199,Martin,Kemmer,1,(408) 374-6033,29585 Turner Mountain,199
200,Tu,Moore,1,312.933.4265,80959 Torp Lock,200
201,Ed,Stanton,2,(259) 944-2686,994 Kirlin Parkways,201
202,Joseph,Koch,1,1-976-121-9817,13275 Zachary Brooks,202
203,Lizabeth,Larson,2,(687) 386-0565,8499 O'Kon Loaf,203
204,Camilla,Kerluke,2,1-722-694-0148,989 Kym Branch,204
205,Jules,Mante,1,245-640-6006,3008 Zada Pass,205
206,Karyn,Dickens,1,839.777.5518,3874 Deckow Bridge,206
207,Toney,Cronin,1,180-334-3795,570 Wyman Village,207
208,Freeman,Haag,1,833.362.2304,20186 Bruen Rue,208
209,Loyd,Buckridge,1,848.341.3155,67026 West Summit,209
210,Colleen,Aufderhar,2,479-023-6412,2039 DuBuque Ports,210
211,Brittney,Feil,1,(891) 335-9831,5797 Edwin Hollow,211
212,Buford,Kling,1,(982) 585-7218,534 Batz View,212
213,Jannet,Murphy,1,815.387.9591,219 Kertzmann Flats,213
214,Moses,Bahringer,2,571-446-9695,615 Teri Heights,214
215,Rochell,Wuckert,2,385.596.4799,56631 Beier Cliff,215
216,Von,Rau,1,(122) 214-1601,5770 Pfannerstill Loop,216
217,Craig,Graham,1,993-824-8286,440 McGlynn Inlet,217
218,Soon,Daniel,1,1-471-074-6252,84203 Schumm Causeway,218
219,Chung,Larkin,2,(982) 858-7689,65920 Bauch Plaza,219
220,Irving,Weimann,2,189.846.7948,449 Jesus Cliffs,220
221,Ali,Dibbert,1,731-432-8418,650 Santiago Hollow,221
222,Merrilee,Wiegand,2,(512) 387-0685,751 Block Rest,222
223,Doretta,Hackett,2,(783) 078-7358,8454 Beahan Plaza,223
224,Tracey,Kautzer,1,341.297.0949,360 Verona Cliff,224
225,Gary,Torphy,1,171.181.7017,29670 Anderson Station,225
226,Jasper,Mante,2,(299) 515-9249,935 Graham Divide,226
227,Shelton,Conn,2,1-770-458-2472,92243 Nienow Club,227
228,Arlen,Schmitt,1,540-829-0919,974 Jacobi Knoll,228
229,Vera,Herzog,2,775.029.9486,306 Avelina Parks,229
230,Annett,Mayert,1,(540) 874-1866,143 Efrain Neck,230
231,Keturah,Thompson,2,(377) 430-7034,720 Nienow Fork,231
232,Eugenia,Hirthe,2,(240) 922-5439,80058 Charita Trail,232
233,Lashell,Daugherty,2,756.720.7303,95244 Herman View,233
234,Frida,Walker,1,(588) 639-2168,550 Cletus Passage,234
235,Raymon,Stark,1,594.460.8415,339 Rohan Loaf,235
236,Morgan,Cummerata,1,1-874-462-3184,110 Boyer Stravenue,236
237,Aurea,Kertzmann,2,433-286-1190,617 Lyn Garden,237
238,Tianna,Kirlin,1,(877) 050-6430,92158 Theron Lodge,238
239,Tiffani,Lang,2,415-849-9410,556 Gerlach Mountain,239
240,Adriana,Bechtelar,1,303.757.4456,98379 Antonia Springs,240
241,Raul,Schmidt,2,(539) 390-1929,613 Keebler Hollow,241
242,Emile,Johns,1,301-220-1100,2213 Boyer Falls,242
243,Emmie,Reilly,1,112.688.9819,66600 Samella Turnpike,243
244,Maryann,King,1,583-786-4968,9735 Keebler Parks,244
245,Drew,Stokes,1,1-499-657-8194,459 Phillip Lights,245
246,Jerome,Witting,1,252-359-2334,338 Eugene Stream,246
247,Rich,Fritsch,1,184.246.5762,323 Mertie Unions,247
248,Ayesha,Dickinson,1,(617) 881-1066,35849 Blanda Passage,248
249,Dominick,Pagac,2,(760) 184-5446,2247 Gutkowski Lane,96
250,Noah,Abbott,2,544.165.3559,628 Raynor Gateway,249
251,Arnold,Torphy,1,820.403.1181,4158 Waelchi Passage,250
252,Emiko,Hamill,2,826-649-5158,1828 Hilpert Greens,251
253,Eleanore,Goldner,1,1-690-158-8431,61836 Ula Cape,252
254,Shela,Langworth,1,1-280-672-7080,61914 Keven Mission,253
255,Ian,Gleason,1,(470) 394-2106,8388 Thiel Centers,254
256,Assunta,McClure,2,1-532-492-6465,87416 Brianna Green,255
257,Rosanna,Kassulke,1,1-175-966-6588,6274 Ernesto Overpass,256
258,Clement,Tromp,2,1-444-109-7812,262 Ronald Mountain,257
259,Tanna,Bernier,1,711-576-9594,263 Murray Brooks,258
260,Jen,Cole,1,1-734-505-9535,1867 Joan Common,259
261,Yu,Rodriguez,1,1-391-573-2629,9176 Reinger Square,260
262,Wallace,Rempel,2,619.082.5620,72067 Bode Grove,261
263,Stefani,Kihn,2,1-659-155-3303,71753 Jenkins Lane,262
264,Latia,Heathcote,2,360-067-6753,140 Patricia Via,263
265,Shalon,Veum,2,1-827-188-6191,995 Howard Ports,264
266,Mikki,Morar,1,255.951.3726,65270 Francesco Plains,265
267,Chang,Turcotte,2,1-687-804-1018,1940 Jaskolski Curve,266
268,Sidney,Gleason,1,268.670.2112,84245 Kamilah Oval,267
269,Lawerence,Terry,1,308.764.0747,137 Maura Manor,268
270,Steve,O'Hara,1,1-639-412-1255,8025 Patience Mall,269
271,Diedre,Ratke,2,981.651.3142,127 Runolfsdottir Ford,270
272,Avril,Abernathy,2,1-309-746-1223,588 Schaefer Keys,271
273,Bruce,Jast,1,327.840.1265,6720 Schneider Track,272
274,Tim,Auer,1,971.708.7844,5024 Ziemann Underpass,273
275,Season,Berge,2,156-550-5812,886 Predovic Loop,274
276,Donny,Kulas,2,1-784-794-3637,1232 Whitley Viaduct,275
277,Joel,Kreiger,2,(867) 569-8473,4636 Quigley Fields,276
278,Wanita,Huel,1,844.182.8379,96866 Shanahan Ports,277
279,Brooks,Mayer,1,441.744.2633,952 Tillman Rapids,278
280,Mercy,Prohaska,2,1-420-210-6469,84387 Jae Shoal,279
281,Paula,Mann,1,1-150-403-7859,5899 Lang Crossing,280
282,Angla,Cole,2,1-134-274-0200,4955 Bogan Freeway,281
283,Kimbra,Shanahan,2,604.565.2282,66018 Fritsch Underpass,282
284,Elfriede,Gibson,1,(657) 013-0199,2271 Jesse Summit,283
285,Jeff,Schimmel,2,(602) 047-5426,5955 Brakus Pine,284
286,Carmine,Reinger,2,(830) 262-5844,822 Hyatt Unions,285
287,Jesus,Heidenreich,2,(818) 470-4288,27392 Wilkinson Junctions,286
288,Rosaline,Bode,2,946-929-3178,1614 Bartoletti Oval,287
289,Von,Brown,1,350-696-7009,716 Dwain Park,288
290,Claud,Lynch,1,1-852-449-0728,670 Stark Ville,289
291,Lilli,Schulist,2,(706) 354-6766,9156 Volkman Walks,290
292,Sebastian,Stark,2,(237) 836-7122,2397 Bogan Trail,291
293,Ellan,Aufderhar,1,900-942-7685,23004 Klocko Inlet,292
294,Clayton,Schroeder,1,299.265.9562,1318 Heller Forks,293
295,Florance,Franecki,1,(133) 479-0353,38839 Robel Grove,294
296,Yoshiko,Nader,2,1-285-337-5670,3113 Jean Mountain,295
297,Fritz,Bailey,1,1-456-464-4849,48367 Jacinto Ports,296
298,Blaine,Schiller,2,694-149-3332,21290 Ziemann Park,297
299,Abigail,Runte,1,489-517-0026,14632 Jaymie Causeway,298
300,Pierre,Rippin,2,(131) 006-6309,72096 Schultz Plains,299
301,Teena,Breitenberg,1,964.543.0053,1805 Schiller Pine,300
302,Rosendo,Reynolds,1,(723) 506-2276,16153 Shanahan Row,301
303,Jeffery,Bechtelar,1,777.831.3200,7344 Dominique Groves,302
304,Linwood,Botsford,1,(786) 113-6422,536 Sophie Valley,303
305,Marline,Kertzmann,2,(437) 516-7368,80167 Neal Drive,304
306,Jed,Dare,1,1-923-882-3932,3745 Lisandra Gardens,305
307,Wm,Hettinger,2,1-184-726-2073,637 Merideth Pike,306
308,Adah,Welch,2,700-184-7819,782 Adrianna Road,307
309,Willian,Thompson,1,105.135.0638,1306 Hessel Fork,308
310,Bo,Bartell,2,244.269.5752,1768 Louis Ramp,309
311,Elden,Crooks,1,1-469-416-1060,143 Hilll Gardens,310
312,Daniel,Casper,1,(764) 592-7164,1374 Bayer Tunnel,311
313,Marcelino,Lind,1,644.669.2500,480 O'Reilly Junctions,312
314,Bryce,Herzog,1,(511) 433-1572,388 Dino Common,313
315,Karmen,White,1,850-570-6693,5868 Giuseppe Views,314
316,Arthur,Murray,2,(292) 006-6765,21476 Greenfelder Heights,315
317,Daphine,Hills,2,1-188-182-8836,595 Jenkins Valleys,316
318,Tina,Wehner,1,863.821.5401,642 Schamberger Lights,317
319,Jerry,Dach,2,(254) 246-1864,93396 Hansen Union,318
320,George,Goyette,2,977-786-0126,77322 Toy Prairie,319
321,Paula,Abbott,2,(442) 637-2790,8427 Leandro Crest,320
322,Pierre,Satterfield,1,267.725.4690,476 Haag Mill,321
323,Fatima,Leannon,1,(760) 942-4617,278 Franecki Estates,322
324,Asa,Leuschke,1,(210) 774-2306,425 Stephen Hill,323
325,Brooks,Stanton,2,536-109-9454,90197 Rudolph Cape,324
326,Stan,Zieme,2,548-850-3496,411 O'Connell Row,325
327,Leandro,Emard,2,598-316-3551,460 Jere Dam,326
328,Tennille,Gleason,2,1-529-992-6546,4231 D'Amore Port,327
329,Wilbert,Torphy,2,130.885.7317,6590 September Skyway,328
330,Theo,O'Kon,2,(247) 617-9979,13433 Homenick Keys,329
331,Herbert,Botsford,1,(858) 138-4353,7440 Huels Port,330
332,Keneth,Botsford,2,925-906-5497,430 Ardis Points,331
333,Garret,Adams,1,987-524-1334,89638 Douglas Island,332
334,Keith,Rath,1,(170) 305-1263,1863 Mei Field,333
335,Arianne,Ziemann,2,671.255.6334,995 Schamberger Burg,334
336,Hedy,Stracke,1,893.701.9254,249 Hoeger Prairie,335
337,Lakesha,Denesik,2,1-197-417-6387,745 Feest Highway,336
338,Samuel,Lynch,1,537.059.5705,388 Sherice Common,337
339,Forest,Windler,1,1-521-791-2790,8088 Schulist Manors,338
340,Dreama,Sauer,2,1-436-687-9373,189 Bashirian Roads,339
341,Corie,Medhurst,1,1-494-849-4775,645 Langworth Landing,340
342,Arianna,Boyer,1,1-430-526-6172,789 Julian Ports,341
343,Suanne,Senger,1,1-570-822-9138,29956 Delisa Park,342
344,Jerrod,Kerluke,1,898-572-2194,9323 Keeling Inlet,343
345,Marylynn,Spinka,1,1-804-422-9093,8753 Erick Road,344
346,Porfirio,Mueller,2,357.551.0882,47856 Sauer Mount,345
347,Ha,Fadel,2,218-425-1512,43276 Lurline Harbors,346
348,Terrell,Casper,2,431.898.2655,4798 Goyette Villages,347
349,Lester,Bashirian,1,963.302.7289,970 Blaine Mission,348
350,Virgil,Spinka,1,401-414-4892,87638 Cornelius Parkways,349
351,Jamel,Botsford,2,541-859-3487,541 Kalyn Centers,350
352,Christopher,Pagac,1,170-985-9898,572 Brett Ramp,351
353,Emory,Ryan,2,(560) 682-2767,2174 Morar Dale,352
354,Herminia,Mante,1,(417) 016-2259,64247 Gulgowski Trail,353
355,Eldon,Kuhlman,2,500.731.1987,463 Jesica Cape,354
356,Willy,Greenholt,1,1-338-956-8373,295 Bradtke Club,355
357,Marcellus,Morar,2,1-816-957-7358,273 Ratke Well,356
358,Jacquelynn,Crooks,2,717-638-2942,4732 Kym Spur,357
359,Vince,Schiller,1,907-561-7653,6609 Jacobs Square,358
360,Jolynn,Rodriguez,1,1-584-560-2740,875 Mohammad Meadows,359
361,Rudolph,Will,1,1-983-637-7290,130 Marivel Greens,360
362,Boris,Turner,1,1-642-747-4702,29982 Gutkowski Square,361
363,Deshawn,Lindgren,1,1-985-943-2665,589 Schiller Road,362
364,Robby,Mitchell,1,(947) 047-6331,379 Genaro Vista,363
365,Roman,Huel,2,1-180-816-4982,47089 Myron Ranch,364
366,Lacie,Kshlerin,2,268-860-1118,837 Jana Island,365
367,Merrill,Nolan,1,(367) 560-0832,944 Tanna Mountains,366
368,Kourtney,Schoen,1,869.488.8122,105 Weber Station,367
369,Dion,Hills,2,510-258-9934,33199 Fausto Springs,368
370,Betsey,Schulist,2,978-503-9606,94084 Jones Inlet,369
371,Hong,Jerde,1,568-730-2408,114 Lebsack Glens,370
372,Natalya,Goodwin,1,(889) 446-8857,2136 Sadye Camp,371
373,Tai,Leffler,2,757.358.5354,4962 Hilpert Manors,372
374,Wesley,Hartmann,1,1-235-673-4042,951 Altenwerth Canyon,373
375,Aretha,Lindgren,2,(496) 283-6470,482 Schiller Grove,374
376,Byron,Effertz,1,150-519-6254,553 Wuckert Loop,375
377,Owen,Cremin,2,1-269-942-5998,2130 Quincy Turnpike,376
378,Olen,Flatley,2,1-292-529-0010,99559 Sharell Forge,377
379,Harland,Brown,2,1-186-110-1815,4363 Inocencia Branch,378
380,Annmarie,Cormier,2,345.311.1942,2264 Gorczany Keys,379
381,Harlan,Legros,2,1-261-311-1572,9366 Cummings Extension,380
382,Joaquin,Wuckert,1,1-387-680-2170,981 Howell Points,381
383,Ardell,Goodwin,1,909-762-3202,295 Yolando Fort,382
384,Steve,Dach,2,(103) 006-4143,1103 King Manors,383
385,Dane,Luettgen,2,1-484-241-8324,334 Bahringer Burg,384
386,Houston,Roberts,2,931.340.3959,454 Dickens Route,385
387,Maryanne,Huel,2,1-722-936-8778,61214 Boyle Canyon,386
388,Javier,Pagac,1,1-932-238-0423,381 Bernhard Glen,387
389,Elizabeth,Morissette,1,(498) 154-3957,192 Coretta Plaza,388
390,Delma,Reinger,1,740.017.5714,819 Dominique Radial,389
391,Louie,Zboncak,1,(197) 513-5517,595 Lawanna Crossing,390
392,Salvatore,Roberts,2,1-308-682-8898,917 Hope Parks,391
393,Mayra,Ledner,1,(365) 362-8036,63763 Barton Stravenue,392
394,Graig,Dibbert,1,985.016.5744,622 Corie Square,393
395,Ivy,Barton,1,1-202-364-8676,41620 Zaida Cliff,394
396,Russel,Lang,2,1-444-824-9820,25288 Aurelio Mill,395
397,Regine,Hodkiewicz,1,(581) 666-4248,331 Lisandra Views,396
398,Harley,Ortiz,1,(137) 612-5397,942 Streich Branch,397
399,Kallie,McDermott,1,(923) 002-7818,604 Clay Locks,398
400,Elwood,Schaden,2,309-407-2355,76411 O'Connell Courts,399
401,Tressie,Hansen,2,662.426.2727,620 Nga Shoals,400
402,Betsy,Hand,2,1-121-567-3210,30481 Emmitt Street,401
403,Levi,Gislason,2,(573) 546-3910,674 Leffler Centers,402
404,Billy,Renner,2,1-321-527-4011,7308 Blair Brooks,403
405,Luke,Moore,2,472.781.0514,4897 Kertzmann Camp,404
406,Howard,Schaden,2,413-787-1669,327 White Springs,405
407,Twana,Maggio,1,1-688-125-6571,28259 Bergstrom Junctions,406
408,Noriko,Rogahn,2,1-350-413-4548,359 Jame Course,407
409,Wilburn,Paucek,1,327.616.4109,290 Mistie Junction,408
410,Karl,Dooley,2,155-035-4871,75219 Tromp Vista,409
411,Mara,Hudson,1,776-499-4550,9878 Xiomara Coves,410
412,Heath,Kris,2,113-694-4424,77540 Rolland Circles,411
413,Rigoberto,Paucek,2,(243) 942-6275,3100 Kasey Station,412
414,Soila,Hane,1,(283) 752-4849,14785 Johns Plain,413
415,Sharon,Klein,2,931.315.2033,91403 Esteban Gardens,414
416,Jesenia,O'Hara,1,1-987-607-3106,94861 Parisian Heights,415
417,Miquel,MacGyver,1,706.813.5870,750 Wilkinson Port,416
418,Louis,Rau,2,(734) 977-2647,8878 Rosenda Light,417
419,Gertha,Mitchell,2,(165) 355-0619,4085 Funk Curve,418
420,Tama,Dach,1,(554) 798-1554,9847 Alaine Passage,419
421,Adriane,Morar,1,1-805-948-1063,624 Osinski Shores,420
422,Ronda,Klein,2,893.540.1323,11988 Lesch Trail,421
423,Dallas,Ruecker,2,1-450-119-0298,41023 Candace Crest,422
424,Maricela,Botsford,1,1-912-697-5689,4692 Glover Landing,423
425,Renee,Prohaska,2,431-230-8082,858 Abernathy Crest,424
426,Clyde,Rutherford,1,1-707-315-2115,630 Huels Fort,425
427,Herman,Kilback,1,(630) 936-8967,8760 Hanh Islands,426
428,Emmanuel,Hirthe,2,283.155.3735,27411 Katrina Trail,427
429,Robbin,Barton,2,1-500-055-4829,242 Zackary Turnpike,428
430,Valentin,Rath,2,1-422-259-7747,62659 Scarlet Divide,429
431,Hyacinth,Streich,2,581.498.0164,55302 Robbie Parkways,430
432,Len,Denesik,2,292.245.6023,9201 Witting Mission,431
433,Carlene,Koss,2,1-749-726-0434,66186 Rudolph Ridges,432
434,Erma,Casper,1,384.210.5796,9941 Maryln Islands,433
435,Janae,Denesik,1,(557) 605-7493,856 Ralph Cove,434
436,Jeffrey,Hermann,2,(961) 784-9686,985 McDermott Drive,435
437,Myra,Adams,2,174.151.0343,640 Morissette Square,436
438,Oliver,Koepp,1,1-281-588-8796,990 Thompson Point,437
439,Romeo,Thompson,1,1-683-271-2245,139 Weimann Glens,438
440,Ryan,Harvey,1,273.304.5953,25282 Stark Mission,439
441,Tory,Fahey,1,744-796-9664,422 Goodwin Streets,440
442,Wynell,Willms,1,118-024-8376,98323 Lyndon Row,441
443,Etsuko,Bahringer,2,777.964.9205,5220 Howe Spurs,442
444,Salvatore,Davis,1,(238) 953-0496,766 Shanahan Walk,443
445,Marcie,Paucek,2,(444) 719-8710,500 Kuhic Mission,444
446,Jeffrey,Purdy,1,1-587-378-4281,8861 Davis Groves,445
447,Patrick,Collier,1,1-328-631-0202,862 Carma View,446
448,Deshawn,Stokes,2,(885) 075-6879,969 Ward Squares,447
449,Zack,Gulgowski,1,577-918-4425,61169 Rowe Skyway,448
450,Serafina,Friesen,1,1-480-700-3868,47194 Georgianna Burgs,449
451,Hermine,Kulas,2,(178) 374-9556,23855 Pagac Keys,450
452,Grant,Raynor,1,(418) 872-9491,217 Fahey Grove,451
453,Ali,Hintz,2,1-140-135-7878,22898 Alayna Branch,452
454,Socorro,Dietrich,1,785.929.2205,19057 Flatley Prairie,453
455,Deane,Grimes,2,1-308-316-5304,856 Randell Rapid,454
456,Araceli,Reichert,2,966.204.9463,96959 Rodriguez Mount,455
457,Shea,Olson,1,1-547-378-4832,39695 Natividad Mews,456
458,Josefina,Daugherty,1,938.974.8137,19310 Shawn Run,457
459,Tanner,Nader,2,(633) 415-8784,87943 Junie Field,458
460,Paris,Johns,1,792-786-5660,89938 Abernathy Greens,459
461,Melba,Hane,1,990-483-5834,8870 Huels Mountain,460
462,Deandre,Mann,1,1-929-851-5282,307 Ankunding Mountain,461
463,Edra,Carroll,1,(921) 076-8522,421 Pfeffer Camp,462
464,Leo,Treutel,1,1-898-236-6376,547 Erich Springs,463
465,Ian,Miller,1,675.306.9476,859 Mraz Manors,464
466,Jacob,Dicki,2,461-656-8435,86792 Bosco Garden,465
467,Tesha,Ziemann,1,(342) 762-1236,5597 Jill Mews,466
468,Cruz,Hirthe,1,684.473.5388,37076 Cordell Meadows,467
469,Elise,Lueilwitz,2,216-800-7191,542 Herman Pike,468
470,Agustin,Swift,1,535.659.3797,30671 Gutkowski Court,469
471,Betsy,Schultz,1,1-184-199-4127,7012 Kub Ports,470
472,Marnie,Strosin,1,585.536.3246,75558 Stacie Burg,471
473,Ambrose,Robel,2,1-936-141-0614,53488 Collin Shore,472
474,Elisha,Walsh,1,1-410-398-0057,995 Nelly Track,473
475,Josefa,Cormier,2,508.196.9955,2120 Keneth Turnpike,474
476,Seymour,Homenick,2,416.710.8842,37631 Ruecker Course,475
477,Criselda,Okuneva,2,734.720.6789,9579 Sachiko Path,476
478,Dudley,Botsford,1,1-187-345-2375,54411 Muller Gardens,477
479,Rodney,Kulas,1,1-357-353-4861,14383 Pete Mission,478
480,Chad,Stiedemann,1,376-537-0583,57051 Angeline Ports,479
481,Madeleine,Deckow,2,1-165-345-1754,627 Haag Spur,480
482,Reta,Sauer,1,689-642-8450,479 Marna Ridges,481
483,Sharie,Jakubowski,1,1-395-277-1832,36734 Murphy Land,482
484,Byron,Goodwin,1,(939) 617-4046,418 Herb Parkways,483
485,Hildegarde,Breitenberg,2,281-557-8457,447 Hand Brook,484
486,Thad,Jacobson,1,1-395-898-8296,15735 Shawnta Parkways,485
487,Haywood,Gutkowski,1,528-730-6937,819 Joycelyn Courts,486
488,Emmett,Larson,1,420-644-2420,6497 Altha Spur,487
489,Salvatore,Kuhlman,1,1-470-269-4730,40372 O'Hara Tunnel,488
490,Lillia,Pfeffer,2,(985) 541-5323,42115 Prohaska Forges,489
491,Man,Bogisich,2,1-767-653-4947,8690 Kurtis Island,490
492,Zachariah,MacGyver,1,188-386-4531,342 Lita Expressway,491
493,Yong,D'Amore,2,343.054.6541,71184 Schowalter Parkways,492
494,Jeanette,Hermiston,1,554.689.5337,22339 Kertzmann Bypass,493
495,Larisa,Stracke,1,(838) 038-6192,8826 Sanda Street,494
496,Pamella,Kuhn,1,473-213-0455,139 Yanira Highway,495
497,Donnell,Abbott,1,620-756-2256,4071 Donna Isle,496
498,Miguel,Collins,2,668.071.4965,3984 Tremblay Lock,497
499,Kary,Deckow,2,921-074-9047,83766 Walter Islands,498
500,Mitch,Kihn,1,250-436-7950,748 Sherice Run,499
501,Arron,Gorczany,1,783.827.6988,32598 Thomas Streets,500
502,Wendell,Beatty,1,174.399.8693,70029 Lockman Pass,501
503,Toi,O'Keefe,1,(139) 356-6753,351 Beula Mountain,502
504,Tenesha,Zboncak,2,(284) 463-0689,857 An Station,503
505,Zelda,Koch,1,957.959.6679,22314 Hyman Inlet,504
506,Synthia,Lang,2,(669) 727-1883,46891 Lara Gardens,505
507,Lilliam,Larkin,1,911.220.3508,25918 Hessel Knolls,506
508,Ezekiel,Hettinger,2,866.652.0841,65581 Sadye Club,507
509,Loyd,Smitham,2,1-442-624-6805,68500 Wolf Island,508
510,Wilbur,Marks,2,(319) 935-0479,196 Tyron Loop,509
511,Tayna,Powlowski,2,455-325-4461,123 Simon Crossing,510
512,Emilia,Dooley,1,904-102-6357,380 Hane Bypass,511
513,Jae,Corwin,2,652-189-0670,30000 Violeta Fords,512
514,Nestor,Hauck,2,239.352.2039,47915 Babette Lodge,513
515,Gaylene,Boehm,2,1-257-571-1112,412 Rowe Greens,514
516,Corinna,Ernser,2,1-878-162-2287,2207 Wintheiser Stream,515
517,Vern,Christiansen,1,(405) 030-4028,5529 Jerrica Common,516
518,Donald,Johnson,2,(194) 517-3871,68535 Asuncion Row,517
519,Bobbie,Wunsch,1,(934) 703-9607,3080 Weimann Road,518
520,Joesph,Bayer,1,163.510.2038,92335 Emil Vista,519
521,Desire,Zboncak,2,1-143-916-8922,44329 Burt Bridge,520
522,Thad,Schmeler,1,1-620-718-7890,2505 Koepp Dam,521
523,Alfonzo,Wisoky,1,536.939.2629,702 Eli Walk,522
524,James,Schumm,2,782.432.2151,16907 Fredric Circle,523
525,Cliff,Walter,2,1-441-589-6992,4694 Lemke Walks,524
526,Geraldine,Bogan,1,595.523.3836,153 Ebert Lodge,525
527,Vennie,Abernathy,2,650-387-7685,344 Lita Springs,526
528,Brian,Hudson,2,382.528.1196,463 Francesca Turnpike,527
529,Kendall,Spencer,2,1-987-209-0020,86874 Wisoky Trafficway,528
530,Ardelia,Murphy,2,1-153-011-6478,8658 Elenora Road,529
531,Johnnie,Blick,2,(949) 019-7692,523 Kip Stravenue,530
532,Kathlene,Donnelly,1,(617) 501-2163,6529 Weber Lock,531
533,Josue,Fisher,2,710.869.9181,2903 Walker Mills,532
534,Justin,Beahan,1,752-850-8312,55691 Littel Junctions,533
535,Priscila,Dietrich,1,174.785.1966,461 Katina Views,534
536,August,Nikolaus,1,833.204.4639,6233 Berge Loop,535
537,Enid,Friesen,1,(291) 433-4240,48949 Dietrich Crossing,536
538,Val,Brakus,1,134-400-8588,94827 Georgine Pass,537
539,Shad,Emard,1,(355) 733-1104,94479 Sterling Fall,538
540,Lourdes,Schoen,1,1-575-124-5058,380 Selina Highway,539
541,Lilian,Yost,2,(521) 360-8986,5243 Kemmer Islands,540
542,Danika,Prohaska,2,998.413.1737,196 Olene Plaza,541
543,Kristofer,Zieme,2,705-834-4126,8036 Steuber Shore,542
544,Jacinto,Kris,1,1-320-181-3509,7490 Jaime Brook,543
545,Altagracia,Wehner,1,662-153-0366,578 Schmeler Flats,544
546,Heidi,Becker,1,629.834.5167,83389 Quinton Course,545
547,Leslie,Rippin,1,(340) 735-8594,39764 Raymond Knolls,546
548,Casey,Johns,2,(436) 009-1075,227 Stroman Street,547
549,Sal,Swift,1,366.881.7005,37369 Smitham Center,548
550,Carlotta,Greenfelder,2,1-320-155-8312,6479 Ebert Drives,549
551,Domingo,Gorczany,1,633-795-4506,6716 Lowe Stream,550
552,Jim,Witting,1,(414) 977-5921,270 Rempel Expressway,551
553,Carma,Konopelski,1,948.004.3529,2486 Jon Curve,552
554,Jeffry,Krajcik,1,(215) 635-6114,6108 Haley Forges,553
555,Caren,Kreiger,2,1-265-475-3456,8997 Tyrone Mountains,554
556,Daryl,Hyatt,1,(826) 478-9637,5660 Boehm Hollow,555
557,Tessa,Roob,1,573-497-1120,5950 Twanna Trace,556
558,Myrta,Runolfsdottir,2,583-529-6722,6871 Minda Motorway,557
559,Miyoko,Zboncak,2,(367) 383-0190,2171 O'Conner Tunnel,558
560,Kenneth,Gleichner,1,1-223-846-6358,8866 Mann Crest,559
561,Efren,Spinka,2,188-071-8641,218 Danilo Shore,560
562,Lucila,Klein,2,(133) 612-2522,49674 Dick Lakes,561
563,Benny,Botsford,2,175.927.0486,330 Zieme Park,562
564,Wendy,Tremblay,1,1-745-790-6215,27203 Brandon Fords,563
565,Hilton,Kuhn,1,915.560.4133,9926 Horace Skyway,564
566,Parker,Raynor,1,1-950-587-0584,470 Steve Knolls,565
567,Refugio,Reinger,1,1-368-952-1592,75889 Jermaine Crossroad,566
568,Kandis,Greenholt,2,1-946-681-6960,457 Hilpert Flats,567
569,Yan,Brown,1,232.365.1206,1969 Barton Street,568
570,Lincoln,Pollich,1,(316) 543-2740,952 Margrett Dam,569
571,Hilaria,Paucek,1,806-238-8965,8328 Logan Route,570
572,Katharyn,Bradtke,2,398-126-6759,57587 Wintheiser Turnpike,571
573,Graciela,Kuhic,2,(760) 586-4675,32427 Mayer Camp,572
574,Claude,Littel,2,(284) 043-0997,5594 Dudley Branch,573
575,Tisa,Hane,2,881.933.3377,96776 Leuschke Estates,574
576,Mose,Ankunding,2,112-311-8860,5785 Cronin Points,575
577,Jadwiga,Beer,1,1-359-921-0237,82827 Ted Way,576
578,Marietta,Frami,2,731-664-1975,1858 Catina Brook,577
579,Nga,Batz,1,(499) 809-4058,13980 Cathey Terrace,578
580,Rachele,Corwin,2,(541) 617-2769,268 Bartell Trafficway,579
581,Jacob,Raynor,2,170-025-3982,7048 Schowalter Pike,580
582,Vannessa,Carroll,1,1-796-473-4597,780 Alphonso Shores,581
583,Michel,Halvorson,1,630.084.4378,950 Ayana Plains,582
584,Shemika,Waelchi,1,742-292-4397,12584 Crooks Trail,583
585,Katherine,Greenfelder,2,165-565-1541,90846 Kirlin Centers,584
586,Rayford,Wisozk,1,966-230-7586,138 Toy Meadows,585
587,Verda,Hahn,1,1-972-902-3956,506 Sawayn Shores,586
588,Laurence,Jones,1,137-031-6672,803 Paulene Route,587
589,Vennie,Hyatt,2,327-376-7281,39040 Darell Pines,588
590,Jed,Heidenreich,2,1-692-246-9741,227 Anderson Port,589
591,Tanna,Dietrich,2,591-354-9764,628 Monahan Landing,590
592,Rusty,McKenzie,1,946.901.9606,5660 Luettgen Highway,591
593,Verda,Bode,2,286-137-7179,681 Robt Harbors,592
594,Gretchen,Reynolds,2,612-386-0883,245 Bud Meadows,593
595,Robin,Little,2,1-172-524-2654,3206 Myrta Walk,594
596,Tommie,Ziemann,2,270.715.8878,8632 Naomi Point,595
597,Merle,Tromp,2,1-165-419-8132,93812 Keenan Village,596
598,Stefanie,Renner,1,(160) 169-2040,5369 Fahey Brooks,597
599,Joey,Wilderman,2,110-661-4610,31970 Lyndsay Field,598
600,Hugo,Cartwright,1,(780) 806-6678,5393 Schumm Parkway,599
601,Jacinto,Pfannerstill,1,(152) 378-9777,327 Lehner Grove,600
602,Quyen,Oberbrunner,1,148-003-3624,4216 Edward Dale,601
603,Desiree,Nolan,1,336-807-3360,89279 Roxanne Curve,602
604,Edward,Crist,2,698.454.1361,72024 Grimes Drive,603
605,Chance,Trantow,2,(635) 242-5392,527 Salvatore Ramp,604
606,Cory,Blick,1,(909) 498-7500,69528 Trent Parkway,605
607,Josh,Kuvalis,1,(111) 526-5062,609 Hackett Lodge,606
608,Stacy,Ebert,1,716.199.9624,7969 Beier Fork,607
609,Dusty,D'Amore,1,1-471-772-6700,69436 Darci Street,608
610,Adolph,Mann,2,1-295-279-8819,322 Tania Rapid,609
611,Bryce,Langworth,2,1-701-365-2536,133 Kulas Dale,610
612,Quinn,Roob,2,(178) 238-1018,27269 Humberto Lights,611
613,Mohammed,Kirlin,1,(620) 423-8156,27012 Faye Brooks,612
614,Iraida,Pfeffer,1,1-421-637-1179,363 Jacobi Divide,613
615,Kendal,Lebsack,2,(206) 550-9131,26974 Cortez Rue,614
616,Denis,Greenfelder,2,158.896.3779,46361 Arlen Valley,615
617,Leatha,Lebsack,2,(660) 852-0559,32724 Carline Plain,616
618,Cristobal,Wunsch,1,243-076-8501,2437 Jesus Fort,617
619,Isreal,Bernhard,1,832.677.4616,108 Kub Crest,618
620,Hilario,Blick,1,(938) 311-5637,86830 Price Ranch,619
621,Kandis,Roob,1,(935) 427-2856,229 Lueilwitz Gateway,620
622,Krysta,Haag,1,1-219-482-7165,14855 Marlena Lodge,621
623,Melody,Brekke,1,603-317-3265,9931 Fadel Stravenue,622
624,Patricia,Lubowitz,2,(433) 253-4420,4576 Runte Parkways,623
625,Elly,Deckow,2,722-351-9210,20502 Alfonso Mall,624
626,Sandy,Daniel,2,136.914.9334,6039 Klein Isle,625
627,Contessa,Graham,1,499-388-4350,529 Lebsack Stream,626
628,Buck,Boyle,2,193-124-7073,6521 Gary Station,627
629,Elton,Purdy,2,654-059-2446,70772 Earl Harbor,628
630,Margert,Mitchell,2,119.651.2865,9263 Wenona Pines,629
631,Willian,Kuvalis,2,630.113.8088,489 Dustin Circle,630
632,Angelyn,Pfannerstill,1,(104) 163-1343,744 Windler Mount,631
633,Isaias,Wiegand,2,810-919-8322,700 Lanie Lake,632
634,Ulrike,Abshire,2,(476) 047-9560,9220 Margy Gardens,633
635,Chris,Kemmer,1,(214) 035-2483,94595 Hane Drive,634
636,Shelby,Little,2,1-573-572-2383,970 Greenholt Square,635
637,George,Hills,2,132.059.5553,22008 Ron Roads,636
638,Herma,Breitenberg,1,1-392-370-1460,766 D'Amore Pike,637
639,Charlsie,Mueller,1,230-735-1400,27333 Jerri Turnpike,638
640,Delisa,Upton,2,175-543-7111,358 Omer Station,639
641,Kenton,Crist,1,210.840.0319,79393 DuBuque Centers,640
642,Austin,McKenzie,1,337-887-4155,675 Lupe Landing,641
643,Titus,Ryan,2,(154) 672-9665,6711 Beier Avenue,642
644,Cristobal,Howell,1,591.588.9580,673 Bernardine Union,643
645,Wilfredo,Bruen,1,1-133-382-5371,4032 Dallas Neck,644
646,Gracia,Morissette,2,763-467-0955,89202 Travis Fields,645
647,Jeffry,Franecki,1,731-520-0836,746 Edris Cape,646
648,Theodore,Lueilwitz,1,1-448-235-7618,344 Krajcik Street,647
649,Teri,Treutel,1,(114) 725-4430,46814 Elisha Lane,648
650,Selena,McGlynn,2,(689) 686-4848,50744 Charlesetta Glen,649
651,Beckie,Douglas,2,(929) 454-4994,953 Koepp Cliff,650
652,Grady,Lemke,1,(217) 656-4913,3968 Melia Street,651
653,Myles,Sanford,2,1-665-307-1537,147 Myles Orchard,652
654,Raphael,Kozey,1,577.099.3619,6091 Reilly Courts,653
655,Asa,Wiegand,1,1-541-687-7779,4317 Stark Ridge,654
656,Romeo,Gerlach,2,950-637-3126,26031 Piper Expressway,655
657,Refugio,Huels,2,821.283.8560,50527 Drew River,656
658,Levi,Leannon,2,(962) 194-8626,7540 Reiko Mews,657
659,Everett,Stokes,2,1-955-142-4181,1066 Rory Oval,658
660,Heriberto,Dach,2,(397) 941-6458,4803 Andre Falls,659
661,Duncan,Cormier,1,(574) 712-5866,152 Gislason Roads,660
662,Ruben,Kiehn,2,557.941.0403,78866 Calista Hill,661
663,Kaley,McDermott,1,1-814-601-9851,26793 Sauer Lodge,662
664,Karan,Klocko,1,385-340-9943,5943 Fumiko Roads,663
665,Donella,Labadie,1,532-913-4337,4732 Sipes Mountain,664
666,Sandy,Beahan,2,(237) 201-5051,5458 King Lights,665
667,Collene,Beahan,1,(896) 913-9952,21703 Weimann River,666
668,Chantelle,Cremin,2,103-529-5113,16202 Cronin Inlet,667
669,Diego,Kihn,2,854-539-9768,686 Vandervort Parkways,668
670,Earl,Upton,1,1-128-034-9940,57125 Jannie Key,669
671,Franchesca,Beier,2,1-924-919-4574,40004 Jarvis Valley,670
672,Louis,Mraz,1,1-456-594-4242,77425 Hodkiewicz Gardens,671
673,Merle,Gerhold,1,460-318-5220,240 Len Club,672
674,Julio,Zemlak,2,279.353.2641,4628 Ebert Orchard,673
675,Numbers,Glover,1,352.009.3260,9073 Wyatt Parkway,674
676,Nelle,Stiedemann,2,316-568-1110,8525 Russell Throughway,675
677,Antonio,Hintz,2,204-193-4772,29271 Klein Trail,676
678,Mel,Fahey,2,524.341.4266,5905 Prosacco Plaza,677
679,Guy,Emmerich,2,(375) 709-4997,6303 America Mission,678
680,Hai,Effertz,2,910.088.7815,13375 Lee Wall,679
681,Tobias,Ondricka,2,(806) 789-0250,17639 Malcolm Extensions,680
682,Wendi,Hintz,1,1-947-146-8652,72106 Kub Pike,681
683,Nathanael,Schultz,1,320.124.0906,196 Virgil Hills,682
684,Neal,Pacocha,1,(612) 292-3597,592 Muller Mountains,683
685,Otto,Bernier,1,1-235-912-0472,583 Isreal Roads,684
686,Hobert,Corkery,2,326-366-8177,33151 Liliana Inlet,685
687,Pedro,Bogan,1,1-486-021-8867,6809 Wilhelmina Springs,686
688,Woodrow,Frami,2,1-651-401-2002,389 Krystal Junctions,687
689,Houston,Carter,2,358.435.4704,545 Bogisich Mountains,688
690,Johnson,Kshlerin,1,1-849-965-3723,512 Hilll Valley,689
691,Danelle,Marks,1,307-865-6395,731 Feeney Island,690
692,Treena,Haag,1,1-368-851-4910,28214 Herzog Brook,691
693,Mee,Becker,2,861.042.6865,917 Huey Canyon,692
694,Elton,Jerde,1,122.300.6153,942 Fritsch Wells,693
695,Jessenia,Anderson,2,342.146.1637,4134 Tom Meadows,694
696,Vernell,Huel,1,(404) 770-0475,2676 Balistreri Ports,695
697,Lyman,McCullough,2,315-752-2041,3344 Mraz Pine,696
698,Effie,Wintheiser,2,558-935-4834,15330 Herbert Vista,697
699,Sherron,Emmerich,1,(366) 756-0679,8633 Charlie Crossing,698
700,Santos,Osinski,1,428.980.9325,5558 Danial Ville,699
701,Leonel,Hyatt,2,(224) 016-7194,74636 Lindgren Falls,700
702,Dannielle,Pouros,2,(602) 018-8759,908 Jeanna Locks,701
703,Brice,Beatty,1,124.146.0915,936 Charley Divide,702
704,Arlie,Zboncak,2,1-247-438-0031,37477 Adam Turnpike,703
705,Jefferson,Lowe,1,546.654.1526,852 Ken Island,704
706,Agustin,Auer,2,(536) 244-9139,16055 Gertude Overpass,705
707,Clarence,Rolfson,1,(184) 022-7741,4051 Bergstrom Rapids,706
708,Dia,Ankunding,1,(228) 996-6486,74782 Art Avenue,707
709,Kip,Cummerata,1,234.208.5754,283 Gabriella Islands,708
710,Myrta,Christiansen,2,1-531-974-9922,15924 Shanahan Station,709
711,Jacqualine,Wilkinson,1,(129) 611-2245,28828 Loriann Ridge,710
712,Lowell,Krajcik,1,(714) 972-9558,66934 Shields Knolls,711
713,Wiley,Williamson,2,855-540-3627,5831 Schmitt Forks,712
714,Donte,Mann,1,212-925-6887,555 Perry Center,713
715,Margeret,Hand,2,(835) 304-7470,3637 Alexa Canyon,714
716,Benedict,Vandervort,2,1-782-036-7109,3544 Trudie Trace,715
717,Tennie,Cartwright,1,(215) 029-7199,28278 Balistreri Course,716
718,Jeffery,Wilderman,1,462.758.0483,59339 Cordelia Hills,717
719,Jerold,Bartell,2,384-661-2768,65337 Dickinson Keys,718
720,Devora,Lakin,2,(659) 457-9468,7870 O'Keefe Plaza,719
721,Clarence,Bogisich,2,(847) 964-1993,268 Jospeh Gateway,720
722,Bettye,Williamson,1,768.315.0877,5152 Frida Mountains,721
723,Jessie,Heidenreich,1,(313) 831-9767,807 Armstrong Pike,722
724,Chase,Yundt,2,(491) 600-2349,967 Murazik Plaza,723
725,Inell,Armstrong,1,(377) 383-3606,5389 Schuppe Tunnel,724
726,Fe,Terry,1,944-271-9892,377 Ayana Spring,725
727,Abdul,Weissnat,2,246-593-0413,7805 Boris Freeway,726
728,Raymundo,Schumm,1,(980) 317-5813,2957 Ophelia Track,727
729,Gigi,Jaskolski,1,233-597-3820,54695 Cummerata Tunnel,728
730,Enoch,Tillman,1,369-511-7926,31398 Luettgen Rapid,729
731,Queen,Reichert,1,(110) 682-8667,76888 Waelchi Lock,730
732,Graham,Kulas,2,560-374-3938,236 Jones Bridge,731
733,Tracie,Terry,1,864-362-3741,175 Caitlin Light,732
734,Carmelia,Watsica,1,357.146.4069,582 Jast Lakes,733
735,Garth,Hilll,2,791-430-0201,555 Eva Ways,734
736,Vicente,Schultz,2,(496) 213-9120,26439 Fadel Manors,735
737,Brandy,Ebert,1,(782) 592-6713,81824 Deanna Manor,736
738,Darren,Deckow,2,281-038-3861,4950 Deedra Meadow,737
739,Nadene,Treutel,2,641-637-0658,3593 Grant Prairie,738
740,Melissa,Schroeder,2,1-633-337-1309,3112 Mosciski Ranch,739
741,Deane,Anderson,2,475.048.6886,447 Douglas Neck,740
742,Grant,Stoltenberg,1,918.667.2797,32264 Harvey Lodge,741
743,Chaya,Spinka,2,681.034.7521,14063 O'Conner Plaza,742
744,Val,Kuvalis,2,636.494.2768,361 Koelpin Meadows,743
745,Stefanie,Schulist,2,(343) 566-7849,2352 Roland Viaduct,744
746,Jeremiah,Bartell,2,141.026.3449,55659 Dane Landing,745
747,Darlena,Baumbach,1,912-767-1273,681 Kertzmann Springs,746
748,Fidelia,Rippin,2,315-493-5560,6476 Bruen Centers,747
749,Samuel,Koepp,1,1-557-012-5792,6696 Daniel Shores,748
750,Maryrose,Weimann,1,862.684.6714,407 Smitham Lakes,749
751,Lesley,Romaguera,1,747-239-7587,8403 Forest Cape,750
752,Jacklyn,Hintz,2,(347) 663-8135,8461 Matthew Road,751
753,Jamey,Kreiger,2,1-828-841-2671,476 Aufderhar Lake,752
754,Lawana,Hagenes,1,911-008-9643,66904 Adams Isle,17
755,Kareem,Jacobson,2,579-092-7846,222 Walter Pine,753
756,Kenny,Schaden,1,(568) 286-3222,149 Hudson Plaza,754
757,Guillermo,Wolff,1,1-805-698-7733,36219 Collins Junctions,755
758,Shirley,Wyman,1,196-087-1611,7634 Sandi Spurs,756
759,Russell,Tillman,1,894.561.9846,29532 Eufemia Squares,757
760,Tawana,Bradtke,2,1-587-910-6710,244 Shaina Center,758
761,Alexander,Krajcik,2,944.409.6076,34079 Nicolasa Alley,759
762,Ashton,Effertz,2,1-607-264-8087,3276 Marylin Ridge,760
763,Elton,Wiegand,1,293-412-3409,81689 Beatris Burgs,761
764,Luciano,Heaney,2,(962) 929-6468,7676 Wuckert Way,762
765,Gerri,Hyatt,1,431-996-4923,116 Bud Stream,763
766,Lakeesha,Schmeler,1,778-453-5757,898 Dean Islands,764
767,Charla,Mohr,2,810-467-5568,9941 Alexander Glen,765
768,Chris,Gibson,2,146-884-2329,930 Walker Villages,766
769,Roderick,Adams,2,(429) 865-5606,50422 Waters Coves,767
770,Mitch,Flatley,1,1-925-129-2171,4585 Tommy Stravenue,768
771,Bernadine,Marvin,2,496.852.6469,635 Shavon Fords,769
772,Octavio,Kuhn,1,432.358.0436,245 Darwin Flats,770
773,Lavelle,Green,1,759-487-1928,859 McKenzie Pass,771
774,Argelia,Bogan,2,163-530-2993,7037 Jaskolski Underpass,772
775,Claudio,Kuphal,1,587-134-0250,61174 Christinia Parkway,773
776,Virgie,Mayer,1,340.199.5781,6548 Bartoletti Terrace,774
777,Kaye,Gulgowski,1,785.045.5856,963 Eldridge Manor,775
778,Candida,Predovic,1,1-579-789-2535,6254 Britany Terrace,776
779,Carey,Schaden,1,(939) 956-9159,77286 Leisa Radial,777
780,Errol,Welch,2,1-792-504-8481,178 Basil Road,778
781,Cheyenne,Sporer,2,349.287.7049,952 Chong Row,779
782,Wm,Conroy,1,622.454.0488,75145 Celesta Spring,780
783,Jonah,Hamill,2,(735) 461-1904,5930 Genaro Rapid,781
784,Raymonde,Spencer,1,460.278.5423,259 Reynolds Hollow,782
785,Dominique,Denesik,1,(665) 645-3914,41711 Lester Way,783
786,Truman,Stroman,2,1-209-026-8069,971 Gottlieb Tunnel,784
787,Roderick,Marquardt,1,(761) 985-1698,77467 Angel Burgs,785
788,Belle,Lesch,1,244-867-5598,47960 Anderson Cape,786
789,Ollie,Strosin,2,(925) 733-5436,550 Nitzsche Fords,787
790,Trena,Wilkinson,1,1-546-212-5799,7643 Towne Rest,788
791,Taylor,Padberg,1,326.358.2387,353 Jarred Forks,789
792,Daryl,Runte,1,1-448-626-7665,70089 Schneider Mountain,790
793,Hiroko,Thompson,2,(544) 486-1426,78294 Fay Views,791
794,Erna,Green,1,1-814-528-5626,989 Gulgowski Summit,792
795,Elliott,Nikolaus,1,336-279-7878,6695 Sam Keys,793
796,Claud,Rippin,2,614-489-6926,6070 Nolan Junction,794
797,Hai,Satterfield,1,1-821-713-5345,806 Davis Village,795
798,Mike,Kerluke,2,426.004.2931,429 Chance Stream,796
799,Lester,Ryan,2,(496) 925-4354,87861 Leta Extensions,797
800,Marica,Conroy,1,(114) 075-5530,90212 Glover Islands,798
801,Ileen,Pacocha,2,892-215-8782,5124 Sparkle Common,799
802,Dagmar,Lindgren,1,(635) 551-5965,6149 Schulist Burgs,800
803,Olivia,Schneider,1,876.931.8484,7063 Sharilyn Row,801
804,Carly,Schaden,2,383-126-2323,92569 Emanuel Harbor,802
805,Larry,Bechtelar,1,153.817.4758,106 Nolan Meadows,803
806,Anibal,Hauck,1,914-338-4886,72420 Hane Parkway,804
807,Eddie,Kassulke,1,531.752.0279,420 Weber Hollow,805
808,Bertie,Block,1,192-454-9901,55243 Wilderman Orchard,806
809,Kiesha,Kozey,2,774.360.0387,55703 Aron Orchard,807
810,Omega,Buckridge,2,(767) 209-8045,82201 Titus Knoll,808
811,Keli,Ward,1,(606) 285-6483,58001 Armstrong Lakes,809
812,Aiko,Wintheiser,2,1-232-948-6897,21889 Grace Forges,810
813,Ma,Kovacek,2,(235) 912-0861,190 Kessler Village,811
814,Vickie,Carter,2,(609) 737-4190,7924 Barrows Path,812
815,Kimi,Lindgren,1,709.051.0323,43529 Kemmer Gardens,813
816,Reuben,Balistreri,2,868.233.8186,2102 Thiel Hollow,814
817,Sharice,Abshire,1,912-587-1227,37358 Jacobi Roads,815
818,Stan,Waters,2,917.443.7267,662 Yuette Point,816
819,Danika,Bergstrom,2,1-336-914-2458,642 Schaefer Well,817
820,Neomi,Glover,1,153.568.5824,610 Jason Summit,818
821,Roselia,VonRueden,2,943.458.4045,21985 Melodie Ville,819
822,Jenell,Rath,1,943-010-4529,839 Johnnie Hill,820
823,Jung,Schinner,1,980.938.1108,78652 Zelma Motorway,821
824,Josiah,Shields,1,707-093-2279,812 Hackett Shore,822
825,Murray,Franecki,1,1-522-214-7928,75660 Yundt Hill,823
826,Jill,Hoeger,2,(997) 195-4259,40555 Lockman Point,824
827,Len,Mann,1,(203) 857-6685,4805 Jamal Plaza,825
828,Brittney,Goodwin,1,907.954.2968,4553 Kellie Port,826
829,Scottie,Brekke,1,(492) 705-7864,769 Hai Fort,827
830,See,Bayer,1,1-454-323-7403,19574 Douglas Parks,828
831,Thomas,Carroll,1,1-280-022-5563,918 Jerold Unions,829
832,Alfredo,Harber,2,(237) 812-3045,18145 Tabitha Glens,830
833,Willard,Daugherty,1,621.045.1695,538 Shamika Greens,831
834,Lyndsey,Collier,1,(324) 948-1683,286 Hoeger Burgs,832
835,Kasey,Kautzer,1,(284) 703-1550,19147 Kris Mountains,833
836,August,Veum,2,232-371-3397,1677 Langworth Valley,834
837,Tequila,Okuneva,1,(358) 961-4655,448 Toby Crest,835
838,Ward,Roberts,1,(207) 809-5429,54290 Satterfield Estates,836
839,Olevia,Marvin,1,600.693.2486,79241 Moore Points,837
840,Merideth,Glover,2,602-123-7697,973 Chance Via,838
841,Cherryl,Kuvalis,1,1-559-017-1585,83323 Enriqueta Inlet,839
842,Ruthie,Rippin,1,(176) 213-1714,2110 Cornell Crossing,840
843,Shirley,Bauch,1,533-902-2851,57931 Stehr Place,841
844,Stephan,Kertzmann,1,(236) 408-3315,82564 Gustavo Ridges,842
845,Renee,Balistreri,1,505-802-9409,32807 Enriqueta Pine,843
846,Terrell,Gerhold,1,484.593.2750,4548 Hackett Rue,844
847,Denae,Grimes,2,419.594.1621,37965 Hills Estates,845
848,Cornell,Okuneva,1,(765) 877-9776,1484 Kovacek Gateway,846
849,Joette,Stokes,2,1-149-516-6629,55075 Jacobi Creek,847
850,Mirian,Welch,2,(161) 589-3445,751 Bernadette Junctions,848
851,Arlen,Cremin,1,1-346-938-9866,25867 Dooley Haven,849
852,Oralia,Harber,2,797.518.3864,7383 McKenzie Avenue,850
853,Vern,Hartmann,2,676.092.7339,39846 Julissa Fall,851
854,Dennis,Goldner,2,1-973-964-6270,898 Jacobi Radial,852
855,Rosella,Sauer,1,(712) 898-5095,566 Manuela Falls,853
856,Bernard,Renner,2,654.354.6888,563 Stokes Rest,854
857,Theo,Feeney,2,1-285-424-5471,64602 Ledner Island,855
858,Keenan,Kertzmann,2,1-777-053-7580,2544 Predovic Row,856
859,Coleman,Stark,2,228-165-2807,6740 Brekke Glen,857
860,Merle,Schuppe,2,1-407-666-8055,8261 Hudson Vista,858
861,Inocencia,Turner,1,519.939.1918,75473 Benny Haven,859
862,Regenia,Morissette,2,805-526-1868,98103 Shanahan Lake,860
863,Clayton,Hoeger,1,(474) 774-3188,12797 Earlean Rapid,861
864,Marni,Bartoletti,2,1-276-260-9795,785 Hermann Gateway,862
865,Laci,Cruickshank,1,(714) 137-2118,7774 Yundt Trace,863
866,Marissa,Luettgen,1,864.125.8777,502 Klein Ranch,864
867,Jefferey,Hettinger,2,1-957-226-7643,48734 Carroll Divide,865
868,Russ,Kub,2,660.513.6636,150 Braun Freeway,866
869,Sebastian,Hammes,1,1-942-385-8405,7966 Cyrus Spring,867
870,Yulanda,Watsica,1,(482) 282-4225,48538 Bernie Union,857
871,Van,Dickens,2,648-734-6182,9310 Pfannerstill Pine,868
872,Bo,Collier,1,1-883-786-2221,5831 Gerald Skyway,869
873,Rosaria,Miller,1,786-757-4900,73646 Calvin Villages,870
874,Lou,Mayert,1,793.187.9466,239 Abel Well,871
875,Rick,Rowe,2,(298) 751-3724,6147 Alise Coves,872
876,Sharla,Braun,2,539.816.6981,120 Adina Prairie,873
877,Carrie,Monahan,1,403.672.3470,118 Reichel Inlet,874
878,Shemika,Purdy,1,160-958-4545,179 Bill Gateway,875
879,Lucio,McKenzie,2,(328) 342-7842,947 Veronica Bypass,876
880,Ken,Balistreri,1,881-147-3202,16695 Waneta River,877
881,Matthew,Murray,2,254-923-8240,2074 Shavon Street,878
882,Laurence,Smitham,2,697.217.0363,340 Ollie Shoals,879
883,Brent,Schinner,1,386-433-1387,93324 Schmitt Glens,880
884,Clay,Koelpin,1,418.097.9132,581 Claudia Drive,881
885,Agustina,DuBuque,1,1-877-195-8027,439 Heaney Mount,882
886,Burt,Morar,2,840-078-2359,981 Armstrong Mountain,883
887,Jarrett,Wolff,2,814.809.9456,668 Rhona Pines,884
888,Wm,Herzog,1,377-005-7754,971 Watsica Mews,885
889,Chance,Will,2,280.012.6110,454 Shields Stream,886
890,Arvilla,Sauer,2,(381) 605-0268,6512 Nader Spring,887
891,Danica,Will,2,(334) 415-8778,5821 Trantow Island,888
892,Lazaro,Keeling,1,1-260-584-1786,40667 Romaguera Park,508
893,Eddie,Ullrich,1,949.147.6113,9119 Gleason Meadow,889
894,Kenton,Lindgren,2,518.062.4828,81044 Ferry Highway,890
895,Clair,Hodkiewicz,2,(464) 314-4573,45781 Elton Forest,891
896,Albertina,Koepp,1,1-308-068-4607,677 Adrianna Meadows,20
897,Nevada,Paucek,2,1-245-312-4595,893 Leffler Pine,892
898,Alvaro,Schamberger,1,(434) 239-5267,42477 Gloria Hills,893
899,Alphonso,Marvin,1,(727) 429-6986,258 Terrell Crest,894
900,Donny,Rempel,1,687.667.3414,880 Block Ferry,895
901,Maximo,Medhurst,2,195.592.2161,105 Ed Vista,896
902,Raul,Osinski,2,1-385-868-6857,2959 Lenita Pines,897
903,Joe,Keeling,1,(994) 642-5756,6380 Luettgen Fields,898
904,Eldon,Nikolaus,1,(451) 800-3891,1615 Casper Bypass,899
905,Margarite,Doyle,2,914-494-5406,457 Steven Mills,900
906,Federico,Fay,1,(555) 162-1586,9610 Margie Fords,901
907,Ross,Schoen,2,1-859-113-1240,2483 Zulauf Shoals,902
908,Roy,Dare,1,224.613.5111,162 Doyle Way,903
909,Jerilyn,Stiedemann,1,954.132.5622,9775 Reichel Lake,904
910,Freddy,Hills,2,1-197-760-4539,69180 Cormier Loaf,905
911,Ricky,Hessel,1,(978) 564-9127,48533 Kelli Grove,906
912,Rufus,Balistreri,2,779.916.5404,154 Armando Crest,907
913,Maranda,Goodwin,2,1-676-104-4586,303 Russ Tunnel,908
914,Cassie,Zboncak,1,1-672-128-5471,6129 Carrol Lane,909
915,Abram,Bernier,1,163.867.9327,3296 Bogan Ferry,910
916,Tristan,Roob,1,1-730-767-9401,10767 Rutherford Corner,911
917,Corey,Kertzmann,2,635.591.8284,720 Connelly Court,912
918,Lesa,Wiegand,1,379-753-2198,79888 Medhurst Streets,913
919,Courtney,Mertz,1,(716) 075-4291,5318 Schowalter Drives,914
920,Wm,Durgan,1,1-490-272-2192,32799 Latonia Fork,915
921,Cyndi,Lebsack,2,354-189-9828,495 Satterfield Canyon,916
922,Leana,Rogahn,1,218-982-8655,1912 Michale Village,917
923,Mark,Baumbach,2,1-793-960-0453,930 Shawn Ways,918
924,Margarette,Kautzer,2,(335) 358-0533,635 Nolan Mill,919
925,Nada,Gottlieb,1,996.875.6919,7093 Prohaska Ramp,920
926,Corey,Haley,1,1-423-533-0534,630 Orn Village,921
927,Sanjuana,Kozey,1,1-266-315-5259,7091 Becker Pike,922
928,Yong,Robel,2,108-281-9056,2092 Kermit Stravenue,923
929,Missy,Lind,2,798.770.5578,2413 Kathy Neck,924
930,Risa,Kling,1,(383) 380-1369,64430 Jamar Fords,925
931,Alita,Mitchell,1,1-308-714-1907,620 Funk Road,926
932,Abe,Morissette,1,936.496.8034,335 Roob Stream,927
933,Winifred,Haley,1,508-346-5475,78064 Schaefer Viaduct,928
934,Valentin,Champlin,2,(968) 260-4038,700 Lily Tunnel,929
935,Shasta,Swift,1,(954) 686-8602,1830 Bernier Shoals,930
936,Gail,Leuschke,1,1-604-865-0157,37827 Onie Green,931
937,Demetrice,Bosco,1,(990) 430-1446,378 Daniel Isle,932
938,Stanley,Stehr,1,124.728.4364,479 Coleen Mill,933
939,Irwin,Wisozk,2,704-278-3518,100 Kuphal Shore,934
940,Stacy,Muller,2,356-741-0344,513 Anika Path,935
941,Nolan,Daniel,2,938.675.2221,9237 Jerde Forges,936
942,Cesar,Kertzmann,1,404.634.4385,740 Marchelle Estates,937
943,Nathaniel,Dickinson,1,807.325.7424,3798 Boyle Meadow,938
944,Emogene,Kertzmann,2,(641) 619-2764,51030 Mann Ports,939
945,Darci,Howell,1,(480) 336-0732,7708 Shields Court,940
946,Cornell,Wehner,2,1-529-869-1964,42257 Elliott Park,941
947,Corinne,Schmeler,1,876-754-9065,7735 Danilo Springs,942
948,Denny,Anderson,2,(606) 555-2138,77794 Gulgowski Road,943
949,Francesco,McGlynn,2,352.743.7117,56434 Brent Walks,944
950,Eldridge,Dooley,1,217.321.4496,856 Roselyn Trace,945
951,Izola,Lesch,1,970.795.6110,70908 Stamm Brook,946
952,Erasmo,Gibson,1,181.248.2360,66625 Lueilwitz Corner,947
953,Tempie,Waters,1,(681) 536-9704,265 Mraz Light,379
954,Kraig,Haley,1,370.222.2351,31829 Keisha Mount,948
955,Quinton,Lindgren,2,1-974-674-3072,154 O'Connell Rue,949
956,Lulu,Kuvalis,2,537.505.6200,26980 Kelley Land,950
957,Keitha,Homenick,2,971.632.2490,799 Clark Pines,951
958,Marinda,Marvin,2,(855) 712-8154,3402 Kulas Trail,952
959,Oswaldo,Weber,2,1-966-434-1593,3754 Wilton Mountain,953
960,Sanford,Kiehn,1,563.165.8891,7007 Connelly Mountains,954
961,Ross,Fritsch,2,776.352.9134,63689 Robert Way,955
962,Guillermo,Sauer,1,502.548.4972,422 Miles Loaf,956
963,Ronna,Stamm,1,1-238-066-3542,9954 Randell Common,957
964,Galina,Miller,1,(348) 268-8892,1169 Sarai Brooks,958
965,Hassan,Macejkovic,1,(314) 336-7898,862 Robel Junction,959
966,Vincent,Hessel,2,(492) 545-0405,1540 Beatty Course,960
967,Pamela,Stamm,1,161-879-6143,8964 Israel Stravenue,961
968,Rich,Purdy,1,846-411-9999,422 Marcelo Springs,962
969,Noelle,Frami,1,561-440-4115,74042 Conrad Street,963
970,Jenniffer,Zemlak,1,562-518-2119,245 Alexis Gardens,964
971,Jared,Howe,1,(393) 687-3457,6084 Edison Place,965
972,Porter,Denesik,1,(610) 800-6060,2798 Kelley Ford,966
973,Lemuel,Renner,2,1-821-010-0267,896 Cartwright Ports,967
974,Kassie,Carroll,2,439-593-8402,3484 King Groves,968
975,Danna,Kuvalis,2,591-729-3212,10016 Baumbach Ville,969
976,Pandora,Streich,2,400.565.1651,362 Erwin Lights,970
977,Darrel,Lemke,2,791.264.8141,86504 Berry Manors,971
978,Marna,Abshire,2,123.328.4158,523 Wolff Lake,972
979,Shirl,Waelchi,1,370-093-1576,6604 Alonso Run,973
980,Buddy,Kassulke,1,665.081.7718,332 Gisela Gateway,974
981,Walter,Brakus,1,(122) 219-7167,4222 Hand Causeway,975
982,Alec,Collier,1,(782) 772-0267,5781 Rosanna Divide,976
983,Leilani,Schaefer,2,881.287.9743,7993 Walter Orchard,977
984,Evia,Stark,1,230-756-8201,3394 Teddy Roads,978
985,Odell,Stehr,1,(736) 271-5176,878 Arnold Rest,979
986,Celesta,Willms,1,855-823-3342,722 Friesen Glens,980
987,Jackson,Cummerata,1,(662) 026-7035,735 Marty Road,981
988,Irving,Toy,2,(528) 773-7460,33329 Lindsey Track,982
989,Stanley,O'Conner,1,1-620-479-7487,19207 Schaden Glen,983
990,Dirk,Sanford,1,(989) 400-5449,70320 O'Keefe Fork,984
991,Loralee,Luettgen,1,1-382-315-0148,4817 Williamson Causeway,985
992,Darron,Hackett,2,397.046.1792,7985 Clay Circles,986
993,Cleo,Wunsch,2,553-612-6236,1793 Ernesto Lane,987
994,Doyle,Schimmel,2,738.059.5180,1430 Sanford Fort,988
995,Ahmed,Harris,2,(531) 302-2965,4777 Nathanial Plains,989
996,Dallas,Tremblay,2,(888) 948-0748,1649 Mante Parkways,990
997,Belinda,Lindgren,2,(468) 821-5616,8240 Marlyn Club,991
998,Marylin,Schowalter,1,1-118-201-0233,202 Carey Shoal,992
999,Carl,Stroman,1,178.304.6864,2382 Denver Haven,993
1000,Carmen,Boyle,2,(263) 201-4425,52767 Lebsack Way,994
1001,Soon,Gibson,1,250-812-8474,6528 Muller Prairie,995
1002,Merlin,Ward,2,472-512-3263,98562 Waters Lodge,996
1003,Avelina,Stamm,1,1-925-088-8926,67630 Kristofer Inlet,997
1004,Jude,Pacocha,2,513.213.2791,757 Glenn Orchard,998
1005,Eric,Hammes,1,945-315-8728,321 Cassy Lock,999
1006,Kerry,Tromp,2,(135) 834-4200,7101 Mitchell Mall,1000
1007,Rosann,Stoltenberg,2,402-132-0660,320 Nedra Passage,1001
1008,Evita,Windler,2,1-464-140-8968,73742 Medhurst Groves,1002
1009,Ossie,Collins,2,788.620.8519,30203 Blick Summit,1003
1010,Louanne,Friesen,1,(683) 439-6497,163 Shonta Ridges,1004
1011,Clement,Roberts,2,1-983-681-7201,6006 Bobby Haven,1005
1012,Dinorah,Spencer,2,180.508.5263,85533 Bogan Wall,1006
1013,Ahmed,Ratke,1,424-905-5429,17270 Chet Bridge,1007
1014,China,Hintz,1,1-811-009-5985,16296 Louise Turnpike,1008
1015,Valentine,Dietrich,1,273-466-3233,319 Cliff Ports,1009
1016,Wendy,Bernhard,2,(692) 860-9068,66896 Lang Cape,1010
1017,Dori,Kertzmann,2,1-892-894-3957,913 Lupe Run,1011
1018,Major,Gerlach,2,1-378-747-0700,832 Champlin Mountains,1012
1019,Nolan,Reichert,2,1-716-857-5021,61070 Durgan Road,1013
1020,Jeffrey,Doyle,2,127-141-5887,75408 Jeffery Glens,1014
1021,Karl,Kshlerin,1,190.813.3570,685 Hintz Via,1015
1022,Brice,Braun,2,1-478-211-0440,362 James Pass,1016
1023,Theo,Stanton,2,1-590-026-7977,352 Marlo Manor,1017
1024,Adam,Jaskolski,1,363-880-8997,141 Keven Via,1018
