station_id,station_name
1,Goyetteview
2,Lake Caseyfurt
3,West Rosaliamouth
4,Harrisborough
5,Fredrickmouth
6,West Arthur
7,Schillerberg
8,Torietown
9,Windlerton
10,West Herbmouth
11,New Danyell
12,Conniestad
13,New Joleneburgh
14,Wolfland
15,West Lonimouth
16,Port Dustinborough
17,Lake Travis
18,Nienowborough
19,Hackettchester
20,Deweyshire
21,North Donte
22,Port Ericfort
23,Port Corlissville
24,East Monty
25,South Lela
26,Donnellyborough
27,Davisland
28,Marcoburgh
29,Lake Mitchell
30,Reichelmouth
31,Jonathanshire
32,East Stacyton
33,North Reiko
34,Haagville
35,North Jarrettberg
36,DuBuqueview
37,Lake Angelo
38,Lueburgh
39,Sonnyborough
40,West Germaine
41,Shannonside
42,West Barbieton
43,Sarimouth
44,Kevinfort
45,South Jefferson
46,Braunfurt
47,West Chad
48,North Lamar
49,Carinaside
50,Binsmouth
51,North Royce
52,Lake Leighannchester
53,Greggchester
54,New Teraland
55,Kalaport
56,Tammyport
57,DuBuqueborough
58,South Beatris
59,Mitchelltown
60,Bartonville
61,Port Cora
62,North Elmo
63,Weissnatbury
64,North Dewey
65,Lake Delindatown
66,South Antioneshire
67,Naderhaven
68,Port Kaitlin
69,Port Codyton
70,Billyview
71,Lake Veniceshire
72,Robelland
73,Floydfort
74,North Landon
75,East Dorthea
76,Elishaview
77,Eleanoremouth
78,Keeblerchester
79,Hoegershire
80,North Mosesborough
81,Shalandaborough
82,Sidfort
83,Scottieview
84,Port Burton
85,Denesikville
86,South Lorrie
87,East Faustobury
88,Port Jeffry
89,Dwightside
90,Hermistonview
91,Port Harriettestad
92,Wilfredofort
93,North Logantown
94,South Kraig
95,Katherineborough
96,Johniebury
97,South Moises
98,East Georgetta
99,New Willardmouth
100,Luciushaven
101,Port Lynn
102,Tamiton
103,Osinskiside
104,Homenickfort
105,South Changfort
106,South Leonshire
107,East Charleytown
108,New Erikbury
109,East Jerica
110,Port Antione
111,Russelstad
112,New Merylview
113,Port Brent
114,Elliottborough
115,Nikolausmouth
116,Silasport
117,Parkerview
118,Port Lyndafort
119,Kaseyburgh
120,Hickleborough
121,North Kathi
122,West Monroe
123,South Peterside
124,West Willaside
125,Beattyberg
126,New Aureliofurt
127,New Isaac
128,Theodorehaven
129,East Nicolport
130,Milomouth
131,Port Marcenehaven
132,New Austin
133,Swiftbury
134,Marisafurt
135,South Rosetta
136,West Sol
137,Coleville
138,East Maud
139,Gordonburgh
140,West Mike
141,Daleville
142,West Hipolitoton
143,Santosland
144,West Maidaview
145,Parkermouth
146,New Lorenville
147,Gleasonview
148,Murraystad
149,New Meryl
150,West Wilfred
151,East Kentmouth
152,North Miesha
153,West Neilton
154,Port Lamontport
155,Yundtstad
156,Daughertyfort
157,Lake George
158,Port Todstad
159,West Ken
160,Gerholdbury
161,Port Hugo
162,South Corliss
163,North Joanhaven
164,Port Ionebury
165,Smithton
166,Vaughnborough
167,West Dexter
168,East Shelby
169,East Santiago
170,North Joeberg
171,New Robert
172,South Dinostad
173,South Ozie
174,East Sandytown
175,North Bretland
176,Noellaburgh
177,Lizzieberg
178,East Billie
179,Ritchiebury
180,Risaville
181,Denesikview
182,East Chante
183,Lake Glady
184,North Stacie
185,East Morrisview
186,Reneashire
187,West Phylissshire
188,Edenmouth
189,Milofurt
190,Millsberg
191,Millsshire
192,Homenickmouth
193,Manuelland
194,Hoppefort
195,Lake Deanfurt
196,New Jordonton
197,South Piperchester
198,East Aaron
199,Schmidtmouth
200,Jonport
201,South Omegafort
202,Tristanborough
203,Naderbury
204,Schaefertown
205,East Sylviaberg
206,Valentineview
207,Lake Arthurburgh
208,North Mitsueborough
209,Schummland
210,Derickmouth
211,West Rudolph
212,Alhaven
213,Abernathyfurt
214,Lake Eliasview
215,Hershelborough
216,Mosciskitown
217,Donteshire
218,Donovanmouth
219,Shanahanfurt
220,South Trevorville
221,Donnhaven
222,Phylisberg
223,Lake Amos
224,Colliershire
225,North Genaroberg
226,East Florencio
227,Kertzmannberg
228,Lake Floyd
229,Dooleyfort
230,Armandobury
231,East Antoniastad
232,New Ellsworthchester
233,Lake Deb
234,Alfredmouth
235,Donovanfurt
236,South Karlyberg
237,Oberbrunnertown
238,Rebbecaport
239,South Kennithfurt
240,Roobmouth
241,Calvinville
242,East Lane
243,Grahamburgh
244,Miguelmouth
245,New Colin
246,Ramonitaside
247,Dillonmouth
248,Port Chester
249,Drucillaside
250,South Mao
251,Port Alejandrashire
252,Robenaport
253,West Donnland
254,West Cecilemouth
255,South Todberg
256,Lake Jackeline
257,Oberbrunnermouth
258,Cliffburgh
259,Dellton
260,East Margarettmouth
261,Clintonchester
262,South Sheldonfurt
263,Lake Clement
264,Teressashire
265,Heathport
266,Heathcoteside
267,West Leonila
268,Ameliaport
269,North Paul
270,North Michaeleshire
271,Warrenbury
272,North Saturninaville
273,South Tamika
274,North Stacey
275,West Magnoliaview
276,Oneidaside
277,Kevenbury
278,Cruickshankburgh
279,Port Bernardatown
280,Lynchview
281,East Oleta
282,Port Guadalupe
283,Sporerbury
284,South Titus
285,Rhiannonstad
286,Archiemouth
287,North Yan
288,New Loritaview
289,East Emely
290,South Christiamouth
291,Beckermouth
292,Kuhictown
293,South Samual
294,Walkerton
295,New Jessieville
296,Kuphalberg
297,New Retaberg
298,Josephinaborough
299,Dachberg
300,Javiermouth
301,North Nettie
302,Boganbury
303,New Jay
304,East Raeleneberg
305,Rufusfurt
306,Port Kathrynmouth
307,East Tessamouth
308,New Delila
309,North Winter
310,Lake Maximoland
311,East Lelia
312,East Ezequiel
313,Schillerview
314,Port Trentonmouth
315,Nienowburgh
316,South Deidre
317,Shanahanburgh
318,Mitchellhaven
319,Matthewland
320,Waylonbury
321,Port Darrick
322,East Adriana
323,New Jorgeview
324,Reingerburgh
325,Port Juan
326,Nicholshire
327,East Vidahaven
328,Stephenhaven
329,Rebekahview
330,Port Suzettehaven
331,Botsfordmouth
332,South Janisview
333,South Porterport
334,Robertsfurt
335,North Unland
336,Port Vaughn
337,West Charity
338,Lake Malcolm
339,North Nidia
340,Heathcotetown
341,Lynchshire
342,Farrellville
343,South Archie
344,Lake Jerold
345,Adrianview
346,South Clarita
347,Gayleneborough
348,Thompsonbury
349,Lake Terry
350,Miguelton
351,Hermanntown
352,West Sharonda
353,New Tod
354,Randolphborough
355,Jacobichester
356,East Kyokoborough
357,Cruzside
358,New Era
359,Port Thomasland
360,West Curtis
361,East Dustin
362,New Antonburgh
363,North Dominicabury
364,East Benny
365,Breitenbergfurt
366,Carmeliafurt
367,Lake Carter
368,Muellertown
369,Israelshire
370,Maragretborough
371,Bayerburgh
372,Kelliton
373,East Pabloside
374,Lake Jorge
375,Andrewstad
376,Harrystad
377,New Leshaven
378,North Waltraud
379,Donnellystad
380,Kuvalisstad
381,South Charleen
382,Justaside
383,South Harmonyton
384,Vonton
385,Reedside
386,West Shawn
387,East Phillipside
388,Port Joyefort
389,Krisshire
390,Naderview
391,Geoffreyfurt
392,North Isaias
393,Cruickshankborough
394,North Maisha
395,New Cristophermouth
396,Marshallton
397,Krajciktown
398,Geoffreyburgh
399,Port Walker
400,West Minna
401,Kautzerfort
402,Port Hyun
403,Skilesstad
404,Weberton
405,South Jenetteburgh
406,Raynorside
407,Twylachester
408,North Josephinamouth
409,Adamsmouth
410,Nicolettebury
411,North Reed
412,Effiechester
413,Albertport
414,Port Roycemouth
415,Lake Luzport
416,North Kennithville
417,Fayborough
418,West Melisaview
419,Murazikview
420,Jacobiton
421,Andresmouth
422,Danehaven
423,Tedberg
424,North Noel
425,Denesikchester
426,Hintzland
427,South Tracyfort
428,Oswaldohaven
429,Germaineville
430,South Boycetown
431,New Wileychester
432,Linomouth
433,Mackhaven
434,New Derrickstad
435,Marisamouth
436,East Halburgh
437,South Scotty
438,Rutherfordfort
439,West Huldatown
440,West Darronhaven
441,New Rolfside
442,Ramonstad
443,Israelburgh
444,Port Stewartfort
445,Gislasontown
446,Mirnaland
447,Prohaskaburgh
448,Williamsmouth
449,Justinastad
450,East Keith
451,Hudsonview
452,Cronahaven
453,East Eltonburgh
454,Bettyfort
455,West Mickeystad
456,Schaeferborough
457,Parkertown
458,Tashinashire
459,North Lorenzo
460,Lake Hermaside
461,Russville
462,Lemkefurt
463,Hagenestown
464,Fatimahton
465,New Deanneville
466,West Divinaborough
467,New Freeda
468,East Kassie
469,Brittstad
470,South Roseanne
471,Latoniabury
472,North Harris
473,Port Estelle
474,North Vincenzo
475,South Marion
476,West Guillermo
477,Port Inezberg
478,North Darwinshire
479,Leschville
480,Weissnatmouth
481,East Ronnystad
482,Port Alejandrinaview
483,West Kyla
484,Steuberview
485,Kossfurt
486,West Montyland
487,Littelside
488,Port Deanton
489,South Mechelle
490,Ezraborough
491,Ferminshire
492,Bethannport
493,Joyceview
494,Hilperttown
495,South Herminia
496,West Kenyaview
497,Lake Tristanfort
498,Boscohaven
499,Bufordstad
500,Conroyton
501,Lockmantown
502,North Willardmouth
503,New Tommy
504,Hettingermouth
505,Lake Alverastad
506,West Elden
507,North Zaneburgh
508,South Dottybury
509,East Georgeann
510,West Reneafurt
511,Reillyburgh
512,Michalmouth
513,Jewellmouth
514,Mayerfurt
515,Ferminburgh
516,Stammside
517,Gusikowskitown
518,Krisburgh
519,Port Olliebury
520,East Anthonyhaven
521,East Lacy
522,New Aundreachester
523,Port Sethmouth
524,North Rhebamouth
525,South Emmett
526,Niamouth
527,New Mariochester
528,Hammesmouth
529,Ezequielchester
530,Kundeside
531,Lake Germanton
532,Annbury
533,Iolachester
534,Lake Boris
535,New Lorenzomouth
536,North Cathyfort
537,Mosciskiland
538,Jenkinshaven
539,Watersport
540,Brycehaven
541,East Andrewside
542,Gilbertborough
543,South Shondraton
544,Alexisville
545,North Keila
546,Nolanville
547,Hermannmouth
548,Larsonfort
549,Port Josue
550,Schmelerfort
551,Lake Reinaldoberg
552,South Georgiannberg
553,Stepaniefurt
554,Reichelton
555,Darioborough
556,South Eldonville
557,Altenwerthland
558,Romagueratown
559,South Ginoland
560,Lynnettefort
561,West Charissa
562,North Roseline
563,Strosintown
564,New Rockyton
565,North Brettbury
566,Millsmouth
567,Lake Danamouth
568,East Shay
569,New Julioborough
570,Elliottton
571,New Cedrickmouth
572,Richmouth
573,Carmanbury
574,Greenmouth
575,Thompsonchester
576,South Lazaroland
577,Krishaven
578,Nedland
579,Verliehaven
580,North Iraida
581,West Alaina
582,Linwoodland
583,Boehmton
584,West Sandyfort
585,Eugeniostad
586,Lake Leslistad
587,North Anthonyshire
588,South Gerardo
589,Marilouville
590,New Misty
591,Fadelton
592,Port Elayne
593,Hamillland
594,New Mariel
595,East Joeport
596,East Pedro
597,Rhettmouth
598,New Olympia
599,North Donnie
600,New Donny
601,East Ignacioburgh
602,New Erinside
603,Lake Nickole
604,Donnettaburgh
605,New Matildeport
606,New Kyoko
607,Doriaport
608,West Keshamouth
609,West Trevorfurt
610,East Sherman
611,West Trinidad
612,Port Carmanchester
613,Verlenemouth
614,Cruickshankchester
615,Lake Xavier
616,Koritown
617,Teresiamouth
618,North Winonamouth
619,North Marianaberg
620,East Lateshaburgh
621,Loriannview
622,Welchmouth
623,New Amalia
624,Beerport
625,Port Andera
626,Irachester
627,East Jessiefort
628,Bashirianside
629,South Boycemouth
630,Eugeniochester
631,Cormierville
632,Trishland
633,Caitlynmouth
634,North Mairamouth
635,Hintztown
636,Port Eugene
637,East Lisha
638,Marylandtown
639,Lake Paport
640,South Rivka
641,Santosfort
642,New Shontaside
643,Kirstinborough
644,Coditon
645,South Rudolphstad
646,Jammietown
647,South Delfinachester
648,Kautzerberg
649,New Shaquitaburgh
650,Funkshire
651,Unport
652,North Josephina
653,Lake Laurenaland
654,South Julietta
655,West Cory
656,Taylorberg
657,Hickleshire
658,North Ruebenshire
659,Doylechester
660,South Nathanial
661,D'Amoremouth
662,Dietrichshire
663,West Eddyfurt
664,West Roxane
665,Altheachester
666,West Jerryport
667,Lake Beryl
668,Port Kizzieshire
669,West Vita
670,New Verdaview
671,West Stanstad
672,East Antwanhaven
673,Lake Fairy
674,West Chandaborough
675,Fletaview
676,Port Del
677,Gregoriotown
678,Anthonyborough
679,Waelchichester
680,North Nestorberg
681,Hageneshaven
682,South Gregorybury
683,South Octavio
684,North Willetta
685,Gerlachton
686,Nolanfort
687,Michelstad
688,Julianport
689,North Dagny
690,Evetteside
691,West Tobyhaven
692,Diannaton
693,Cornellport
694,McCulloughview
695,Smithside
696,New Fabiola
697,Gustavoburgh
698,Fadelview
699,MacGyvershire
700,Lake Jackfurt
701,Lavonaland
702,Jastfort
703,North Hilarioland
704,East Marcos
705,Lake Tayna
706,Armstrongborough
707,South Jefferey
708,North Micheline
709,East Coryville
710,Landonton
711,Dallaschester
712,North Dorcasfort
713,Kovacekborough
714,East Humbertoborough
715,Mrazchester
716,Welchhaven
717,Haywoodton
718,South Efrainbury
719,North Telma
720,Bednarton
721,Whitefurt
722,Runolfsdottirtown
723,Lake Pauletteview
724,Arielstad
725,Barrettfurt
726,Lucienmouth
727,Robertsville
728,West Dominickville
729,West Lonnieland
730,New Karine
731,Kenaberg
732,Lake Tarshaland
733,South Ernesto
734,West Manda
735,Estellshire
736,Legrosport
737,Considinemouth
738,Port Nannettefort
739,East Paul
740,West Augustineberg
741,Gleasonbury
742,Allynmouth
743,East Kandifort
744,Rosalindaborough
745,Dickinsonview
746,New Marla
747,Sawaynview
748,New Wernerfort
749,Hintzhaven
750,Micahborough
751,South Winstonshire
752,Macejkovicland
753,West Shaunda
754,West Dewayne
755,Reingerfurt
756,Willburgh
757,North Broderick
758,East Bart
759,Johnathonberg
760,Lefflerside
761,South Howardland
762,Chasemouth
763,Sporerland
764,Port Eddyberg
765,North Benny
766,South Ceciliahaven
767,North Lupehaven
768,West Margarito
769,Lake Ira
770,East Wilda
771,Simonisland
772,North Princeport
773,West Fernehaven
774,Kareemstad
775,Ronaldview
776,Bufordview
777,Port Benny
778,Huelfurt
779,Lake Marhtamouth
780,New Torieburgh
781,Lorenzostad
782,Wunschbury
783,Lake Edgardomouth
784,New Jamisonmouth
785,Wehnerstad
786,Webertown
787,South Pat
788,O'Keefetown
789,East Ray
790,Elsabury
791,North Rosanne
792,Lake Warrenport
793,Lake Brendan
794,Schinnerfort
795,North Robt
796,Pedroberg
797,West Angelineland
798,Wisokyshire
799,Kirbyshire
800,Lake Rolando
801,North Nedland
802,Seymourbury
803,East Vallieview
804,Nitzschetown
805,Marcelostad
806,Dominiquefurt
807,New Emile
808,Greenholthaven
809,Hilpertbury
810,Herzogton
811,West Tiny
812,Leschland
813,New Deandre
814,West Mauro
815,Kristown
816,Grantchester
817,Vickymouth
818,Bogisichbury
819,Greenfelderview
820,East Aureaville
821,North Londastad
822,South Jeffmouth
823,Torpview
824,Bookerside
825,Lake Marcus
826,East Verlaton
827,North Bryanville
828,Linnborough
829,Port Fatimaville
830,West Kimikoport
831,Wolffstad
832,South Lilystad
833,Ismaelstad
834,Port Andree
835,East Clarence
836,North Connietown
837,Cathernshire
838,North Rob
839,North Joe
840,Adamouth
841,Reynaldohaven
842,Chadwickport
843,Abelborough
844,Hiramhaven
845,McLaughlinton
846,Toryport
847,Velmaborough
848,New Lanette
849,East Staciamouth
850,Jameymouth
851,East Tiffanyview
852,Mickeyfurt
853,North Kaleigh
854,South Leviville
855,North Madelaine
856,Bashirianport
857,Philipberg
858,New Dominic
859,South Cecilia
860,New Bernice
861,Lake Lindamouth
862,Shantellville
863,Spencerport
864,Miview
865,Ellanburgh
866,New Mikeville
867,Howeland
868,Angelinamouth
869,Lake Elijah
870,Zulauffurt
871,Eliside
872,West Lester
873,Keelington
874,Skilesport
875,Hagenesfort
876,Pastychester
877,South Calebland
878,Port Francie
879,Colehaven
880,Lake Roland
881,West Keenachester
882,Francenebury
883,Port Darrylchester
884,South Jammie
885,Hirthechester
886,Mayertmouth
887,Jenkinsland
888,Jacobiview
889,South Mariah
890,Estebanfurt
891,Patrickburgh
892,New Desmondborough
893,North Towandaport
894,West Lonnie
895,Port Mitchelland
896,Wunschborough
897,Brunildafurt
898,North Melbamouth
899,Aldoview
900,New Rachelville
901,South Sethmouth
902,Nienowbury
903,New Spencer
904,Shonnaborough
905,North Darnellbury
906,Marcmouth
907,Tillmanbury
908,Port Jamisonside
909,Muibury
910,Port Paige
911,Rosaleeport
912,East Muoifurt
913,Port Alina
914,Port Simona
915,Homerside
916,South Ling
917,Wernerside
918,Shawnchester
919,New Ariel
920,East Danyelburgh
921,Port Caryl
922,Rutherfordshire
923,Baileymouth
924,New Demetriusfurt
925,West Augustshire
926,Schinnerchester
927,South Billieburgh
928,Williamsonborough
929,Schillermouth
930,New Elfriede
931,East Johnettefort
932,West Delbert
933,Lake Songland
934,West Lenardstad
935,Adellbury
936,West Effieview
937,Carsonside
938,North Curt
939,Elishamouth
940,Kubhaven
941,Wardberg
942,Pagactown
943,Port Rozanne
944,West Wendell
945,Josiahborough
946,Dennyton
947,West Salvador
948,Port Suzetteburgh
949,North Shaniquaside
950,Hyattburgh
951,Lake Ellisshire
952,Lake Felton
953,South Jeromy
954,Sunnyburgh
955,East Loreenmouth
956,Kuhnview
957,Amiraside
958,Lake Juliane
959,Lake Corine
960,West Bradleymouth
961,South Jimmy
962,Vincenzoborough
963,Padbergfurt
964,Kirlinhaven
965,Farrellberg
966,West Williams
967,Cassinfurt
968,Hintzshire
969,North Horacio
970,Port Shawneeton
971,Lake Kerry
972,Howellstad
973,Stokesberg
974,Lake Davis
975,North Bernard
976,South Domoniquefurt
977,Port Juniorberg
978,Milfordport
979,Emmettview
980,Connborough
981,Port Kendall
982,Shauntemouth
983,South Cornelius
984,Albertaport
985,East Elenichester
986,South Susychester
987,Cassinchester
988,Vivanhaven
989,South Lindsy
990,Whiteland
991,Veumfurt
992,East Heidy
993,Samuelborough
994,Kreigermouth
995,Sipesport
996,New Marylou
997,Hoegerfort
998,Claudettefort
999,North Jamal
1000,Henryfurt
1001,Shantimouth
1002,West Myrna
1003,New Gillian
1004,Wuckertmouth
1005,Lake Mika
1006,Gordontown
1007,Evettehaven
1008,Hauckmouth
1009,Lake Alfredo
1010,Hoppeborough
1011,Port Edithland
1012,Lake Chrisland
1013,Feestville
1014,West Celena
1015,North Terranceberg
1016,Ellisport
1017,Kohlerview
1018,Chandaview
1019,East Kermitton
1020,Pokhaven
1021,Torpside
1022,North Candace
1023,New Tracey
1024,Valentinatown
1025,East Enriquetamouth
1026,East Alejandra
1027,New Aileen
1028,Lake Salvatoreborough
1029,Kennyshire
1030,Alberthashire
1031,Leschview
1032,Port Andrea
1033,Spencerborough
1034,Dinaville
1035,Martifort
1036,Gushaven
1037,Bergnaumville
1038,Port Delma
1039,Weldonshire
1040,Kimstad
1041,Lake Frederick
1042,Lake Estelaview
1043,East Charlie
1044,North Theodoreshire
1045,West Gilbury
1046,Hartmannmouth
1047,East Emorystad
1048,Cornellland
1049,Port Jonathan
1050,Abelhaven
1051,Gradyton
1052,Port Lashandra
1053,South Kennethville
1054,North Dantechester
1055,Torieborough
1056,North Philipville
1057,Rathmouth
1058,Adriannemouth
1059,East Arturo
1060,Schultzhaven
1061,Cartwrightberg
1062,Lake Shani
1063,Johnsonside
1064,Leighfort
1065,Port Luke
1066,Reginiaborough
1067,Luisetown
1068,Port Chitown
1069,Feilfurt
1070,New Leonaport
1071,Randolphstad
1072,North Diedra
1073,Lake Celena
1074,Sarinahaven
1075,Bashirianburgh
1076,South Toney
1077,Lake Juanberg
1078,O'Konview
1079,Kellimouth
1080,East Andre
1081,Marylynville
1082,Erwinhaven
1083,South Kamilahberg
1084,East Dorseyfurt
1085,East Dougport
1086,Nolanland
1087,Port Shelton
1088,North Mittiefort
1089,North Christian
1090,South Jerilynhaven
1091,West Cyrus
1092,Elishaburgh
1093,Lake Rodfurt
1094,Kunzeton
1095,South Deniceview
1096,New Kurtshire
1097,Milotown
1098,New Hobertfurt
1099,McDermottmouth
1100,Corkeryhaven
1101,Reyesland
1102,Emmerichchester
1103,Mitsukoside
1104,Gloverchester
1105,Lake Solomon
1106,Macmouth
1107,Grahamborough
1108,New Zane
1109,Parkerchester
1110,South Maria
1111,South Faustina
1112,Lewiston
1113,Maurotown
1114,New Darcel
1115,McCulloughland
1116,Lake Alanhaven
1117,Mantefurt
1118,Dortheyhaven
1119,Alphonseberg
1120,New Geraldoton
1121,West Santosville
1122,Kshlerintown
1123,South Laneland
1124,Stoltenbergton
1125,Grimesbury
1126,Port Lesaborough
1127,Ronfort
1128,East Annetteside
1129,Spencermouth
1130,Sylvesterfurt
1131,Alonzostad
1132,South Toccara
1133,Lake Robby
1134,North Dale
1135,New Christeenside
1136,Baumbachbury
1137,Port Aleisha
1138,East Alverta
1139,East Kory
1140,South Orvilleport
1141,New Antonia
1142,Borerton
1143,North Earlefurt
1144,Port Hugh
1145,East Cyruston
1146,Lake Terriehaven
1147,South Don
1148,Lake Fumiko
1149,Port Curtport
1150,North Zackarymouth
1151,Schadenmouth
1152,Mariaton
1153,Port Les
1154,North Salina
1155,North Philip
1156,Rollandchester
1157,Pagacview
1158,Trantowport
1159,Lake Oliverstad
1160,North Klara
1161,Quentinmouth
1162,O'Keefestad
1163,Lake Drewtown
1164,Neomaberg
1165,Lukeberg
1166,East Janitashire
1167,East Brenton
1168,Lake Jayborough
1169,South Robbieville
1170,New Cecilton
1171,Lake Ahmadstad
1172,Port Fosterbury
1173,Marcellemouth
1174,Lake Cleo
1175,Port Elvin
1176,Thedaville
1177,Maggiotown
1178,New Shakiamouth
1179,South Tiffani
1180,Port Lawerence
1181,Lake Michaleland
1182,New Carytown
1183,Wizachester
1184,West Arnoldo
1185,Gloriatown
1186,Filomenabury
1187,East Harriet
1188,New Otis
1189,Port Waltraud
1190,Lake Britanymouth
1191,North Curtisside
1192,Port Jeff
1193,West Renaldo
1194,Lake Kerrymouth
1195,South Eldon
1196,East Hermilaburgh
1197,South Elbaton
1198,New Elmirachester
1199,North Maria
1200,East Inesmouth
1201,Joycelynmouth
1202,Stefanimouth
1203,Lake Terese
1204,Marenhaven
1205,Port Stephineshire
1206,New Rudolphmouth
1207,East Charisse
1208,Albertoside
1209,South Norrisborough
1210,North Mel
1211,Lake Krisfort
1212,West Shenna
1213,Hermannburgh
1214,Haleyborough
1215,Sonville
1216,Adanside
1217,West Claribelfurt
1218,East Miguelmouth
1219,Port Gayle
1220,North Terry
1221,West Delorafurt
1222,Nienowtown
1223,Bartonbury
1224,Jakeville
1225,Lake Etta
1226,Marvinville
1227,North Tyroneton
1228,Lake Nereidachester
1229,North Ada
1230,Deckowmouth
1231,Brendantown
1232,South Gwenland
1233,North Jamey
1234,Ondrickabury
1235,Ziemannmouth
1236,Lake Raymundo
1237,Blairburgh
1238,Considinetown
1239,New Brandonhaven
1240,Hirtheville
1241,East Lavernstad
1242,Lake Alena
1243,Osinskiville
1244,Asamouth
1245,Dareshire
1246,Kosstown
1247,South Dewitthaven
1248,New Colemouth
1249,Friesentown
1250,Handtown
1251,Schulistland
1252,Daughertymouth
1253,Teresitaberg
1254,Lake Erik
1255,New Leesa
1256,New Beryl
1257,West Lindsayton
1258,North Rickport
1259,North Hugh
1260,South Harrisfort
1261,Wallytown
1262,Seebury
1263,Greenholtshire
1264,New Carmina
1265,Billside
1266,Porterside
1267,Lake Nakiatown
1268,Robelmouth
1269,Lake Hyestad
1270,Ericstad
1271,North Irwinborough
1272,Blaineburgh
1273,Port Buddy
1274,Lake Almeta
1275,Mikelfurt
1276,Haroldton
1277,Ullrichburgh
1278,Jesseland
1279,Lake Nicholas
1280,Teodoroview
1281,Alfredfort
1282,North Mallory
1283,Kendrickville
1284,West Darryltown
1285,North Gastonfurt
1286,North Florentino
1287,Champlinville
1288,Evanport
1289,Boyermouth
1290,North Cindie
1291,West Wilford
1292,Wilmerview
1293,Herzogburgh
1294,Schultzton
1295,Lake Mckinleyfurt
1296,Lake Eugene
1297,Dibbertport
1298,New Jeanville
1299,Thompsonberg
1300,South Dotty
1301,South Danutamouth
1302,Mendyport
1303,Port Harry
1304,Port Tawanna
1305,Port Nicholasville
1306,Eldenstad
1307,Carrollmouth
1308,Princessville
1309,Lake Feltonhaven
1310,East Jeanetta
1311,New Christianton
1312,New Jordon
1313,North Fausto
1314,Kochmouth
1315,North Rudy
1316,McCulloughmouth
1317,Jeanberg
1318,East Burlfurt
1319,West Mario
1320,Kuhlmanville
1321,Lashawndastad
1322,East Emiliemouth
1323,Naderport
1324,North Francis
1325,Neomaside
1326,South Ericport
1327,Port Javier
1328,East Nadinemouth
1329,Shanahanfort
1330,South Inesmouth
1331,Rolfsonview
1332,Jeroldburgh
1333,Lefflerhaven
1334,Rolfsonmouth
1335,North Jannettechester
1336,South Hubert
1337,North Dominicville
1338,East Carlynbury
1339,Port Emoryfurt
1340,East Beauburgh
1341,Lake Vashtistad
1342,Port Casey
1343,Shieldsshire
1344,New Hiramside
1345,Port Burlport
1346,Lake Trentfurt
1347,South Gisellechester
1348,North Valeryborough
1349,Considineburgh
1350,Thadtown
1351,Oberbrunnerton
1352,Tondabury
1353,New Hung
1354,West Bennettmouth
1355,Smithburgh
1356,Yoshieside
1357,Kuhicborough
1358,North Irvinstad
1359,South Janeyport
1360,Douglasshire
1361,Corkeryberg
1362,Codyhaven
1363,North Lennyburgh
1364,Pricetown
1365,Jonesborough
1366,Lake Latashiabury
1367,Tamikaton
1368,East Clinton
1369,Barrowsport
1370,Skilesborough
1371,Wesborough
1372,Port Ethan
1373,Port Perlaview
1374,Kochside
1375,Lake Cornellmouth
1376,Randellville
1377,Kristofermouth
1378,Lupeshire
1379,Shonmouth
1380,Ramonaside
1381,Port Windyport
1382,New Donovan
1383,Nakiatown
1384,North Dionview
1385,West Florencio
1386,South Joleneberg
1387,Artieborough
1388,South Jefftown
1389,North Cyrus
1390,Purdystad
1391,Mitchellview
1392,South Marin
1393,North Anderson
1394,East Vanettabury
1395,Port Lou
1396,Turcottemouth
1397,Feleciaville
1398,Port Lina
1399,Port Danyelleborough
1400,Koelpinville
1401,Croninbury
1402,Stefanmouth
1403,West Jordanhaven
1404,Littelton
1405,Lake Kandicebury
1406,Isabellfurt
1407,North Sherwood
1408,New Syble
1409,Kaland
1410,Maeganbury
1411,Connview
1412,Sukshire
1413,Keenanbury
1414,Jeramymouth
1415,Champlinfort
1416,Harrischester
1417,Lake Carminechester
1418,Port Vina
1419,Kemmermouth
1420,Coreyhaven
1421,Lake Kristal
1422,West Ma
1423,New Lovellamouth
1424,North Danielberg
1425,Bochester
1426,South Viviantown
1427,Port Jacinto
1428,Milesstad
1429,East Cheryll
1430,Lake Hanstown
1431,South Kristopher
1432,East Damarisbury
1433,Kington
1434,West Cesarstad
1435,East Hollisstad
1436,Louischester
1437,Tessburgh
1438,Moseston
1439,New Malorie
1440,Cristiestad
1441,Bernierville
1442,North Manual
1443,Sydneyburgh
1444,Bahringerfort
1445,Hettingertown
1446,East Jenniferchester
1447,Jolynnbury
1448,Sonland
1449,West Zackaryshire
1450,Charityborough
1451,Freemanshire
1452,West Carma
1453,New Zelmaview
1454,Port Mamieport
1455,Port Birgitmouth
1456,Lake Shaylaton
1457,South Jameeborough
1458,Tarenhaven
1459,Lake Jordonmouth
1460,Jodyville
1461,South Lilly
1462,Lake Samuel
1463,Watsicachester
1464,Port Koryfort
1465,Adanfort
1466,Lake Wes
1467,Greenport
1468,North Fredric
1469,Port Hiram
1470,Bauchtown
1471,East Kennithton
1472,New Eusebioside
1473,Thielfurt
1474,South Asialand
1475,Lake Dustyville
1476,Lake Sethbury
1477,Bechtelarville
1478,Hagenesburgh
1479,Shelleytown
1480,East Stantonburgh
1481,South Danica
1482,Buckridgeside
1483,Lake Bobetteberg
1484,West Erasmo
1485,Lake Robbie
1486,West Patriabury
1487,South Domenicaport
1488,Satterfieldberg
1489,Zboncakport
1490,Marquardtmouth
1491,Douglaston
1492,Lanemouth
1493,Port Angleaburgh
1494,Stephentown
1495,Sanfordland
1496,North Erickaside
1497,New Sharlamouth
1498,Johnstonview
1499,West Dannafurt
1500,South Sung
1501,West Ayako
1502,West Ellieborough
1503,Chelseashire
1504,South Elaine
1505,Kochshire
1506,Lake Clementmouth
1507,East Olinberg
1508,South Melbaton
1509,Broderickberg
1510,Renettaside
1511,Blandatown
1512,Lake Aubrey
1513,West Ernestofort
1514,East Cyrilfurt
1515,Port Santanaborough
1516,South Nicholas
1517,Raynorland
1518,Armstrongton
1519,Cummingsbury
1520,New Emiliohaven
1521,Port Alyse
1522,Milanburgh
1523,Lake Aaron
1524,New Meghannfurt
1525,Lake Terence
1526,Port Walkerberg
1527,Frankieville
1528,Alonsoberg
1529,Lefflerchester
1530,Corinnaton
1531,Runolfsdottirview
1532,Danaeton
1533,Norbertport
1534,North Slyvia
1535,West Grady
1536,Littleshire
1537,New Cecile
1538,Shanitastad
1539,Jinastad
1540,Port Lala
1541,Hicklemouth
1542,Townestad
1543,Port Isaias
1544,South Thurman
1545,North Brain
1546,Lake Adolphhaven
1547,New Deangelomouth
1548,East Rolfside
1549,Alexandrahaven
1550,Lake Carrolmouth
1551,East Benito
1552,East Kelly
1553,Margaritefort
1554,South Kasey
1555,North Lou
1556,Bufordport
1557,North Deweychester
1558,South Belvaton
1559,Lake Myron
1560,Creminbury
1561,New Josh
1562,Lake Carl
1563,Jeromyport
1564,Hellerhaven
1565,West Kathleenland
1566,Kutchbury
1567,Hirtheburgh
1568,Port Stephenie
1569,Lake Tomokoport
1570,Lake Everett
1571,Lake Londaville
1572,Dinoland
1573,Chandrashire
1574,Reillyshire
1575,North Margarete
1576,South Donamouth
1577,Binsburgh
1578,Lake Rozanne
1579,Cliffordburgh
1580,Wilkinsonbury
1581,Micahview
1582,Vanitaton
1583,South Numbersfurt
1584,Vikiview
1585,East Jannaland
1586,Mohrstad
1587,Millstown
1588,Vandervortberg
1589,North Jenniferhaven
1590,Murphyview
1591,Susiemouth
1592,Wisokyburgh
1593,East Eldachester
1594,Farrellhaven
1595,East Ignacia
1596,Port Pattown
1597,Schimmelfurt
1598,Brekkeburgh
1599,Takishaborough
1600,Port Alonzo
1601,Marksside
1602,Darlenestad
1603,Rohanmouth
1604,South Jenniferchester
1605,Port Robinville
1606,Kovacekmouth
1607,South Linda
1608,West Genevie
1609,Tadmouth
1610,Donnyton
1611,Edisonshire
1612,North Albertstad
1613,Hahnville
1614,McKenzieport
1615,West Marci
1616,Stewartmouth
1617,McDermottside
1618,Nuville
1619,Padbergchester
1620,Ondrickaburgh
1621,Deangelostad
1622,South Chantalshire
1623,South Hiroko
1624,Bufordberg
1625,Louannchester
1626,Irvinville
1627,North Gabriel
1628,Hamillshire
1629,Lake Cristen
1630,East Paolaberg
1631,West Domenic
1632,Spencerburgh
1633,Spencerton
1634,North Tynisha
1635,East Karleenshire
1636,Wolffville
1637,McClureport
1638,Zadastad
1639,New Analisa
1640,West Nu
1641,New Leroychester
1642,Koelpinmouth
1643,Bayerland
1644,East Jessieside
1645,Maxton
1646,East Bretborough
1647,Kulasland
1648,Wymanview
1649,Laviniashire
1650,East Damion
1651,Kristianton
1652,Port Brian
1653,Marlineborough
1654,Aubreyfort
1655,Walkerfort
1656,West Violeta
1657,Angeliachester
1658,Raulchester
1659,North Augustusview
1660,New Gerriville
1661,Danefort
1662,Grettafort
1663,Port Rolandotown
1664,Bogisichside
1665,Janayburgh
1666,Mohammadport
1667,Port Ismaelbury
1668,Hauckside
1669,Damientown
1670,Schowalterborough
1671,West Pearline
1672,North Delbert
1673,West Charlieport
1674,Port Vasiliki
1675,East Irvingmouth
1676,Gleasonfort
1677,New Cornellborough
1678,East Kareemville
1679,West Wesley
1680,Prestonside
1681,Port Enriquefort
1682,Crooksview
1683,New Jacelyn
1684,Beaulahmouth
1685,South Demarcusstad
1686,Auerfort
1687,Leandroberg
1688,West Alan
1689,North Darron
1690,Hoegerview
1691,North Marxville
1692,Lazaroshire
1693,Sawaynside
1694,Archieville
1695,North Jesus
1696,Nolanbury
1697,Reingertown
1698,VonRuedenfurt
1699,East Tatumburgh
1700,Port Shandraville
1701,Wiegandview
1702,East Kirk
1703,Grantton
1704,Lake Collentown
1705,Onashire
1706,Port Joye
1707,Olsonside
1708,Billhaven
1709,Araceliberg
1710,Felixtown
1711,New Keneth
1712,East Autumnhaven
1713,West Reanna
1714,West Katlynmouth
1715,Willmouth
1716,Port Thurman
1717,North Karisahaven
1718,Adanstad
1719,Willmsview
1720,Port Mitchell
1721,Yaelfurt
1722,Port Suzetteberg
1723,Bergstromhaven
1724,Lisandraburgh
1725,Francoisefort
1726,Yanfurt
1727,North Burlhaven
1728,North Asha
1729,Port Cathrynland
1730,Gennaland
1731,Solomonside
1732,North Latriciaberg
1733,New Thustad
1734,New Dulcieside
1735,Julioview
1736,New Lionel
1737,Port Raymond
1738,South Jorgefurt
1739,East Chris
1740,Priscillachester
1741,Port Margeryhaven
1742,Carlenaberg
1743,Shanahanport
1744,Torphybury
1745,Lake Abdul
1746,Alphonseside
1747,Hodkiewiczburgh
1748,East Candance
1749,Port Meghannberg
1750,Lake Toccara
1751,Port Dierdretown
1752,Heidenreichport
1753,Franciscoborough
1754,New Brandenton
1755,Ralphton
1756,Bayerchester
1757,Gleasonland
1758,East Milford
1759,Starmouth
1760,North Calvin
1761,Annemouth
1762,Port Sylvie
1763,Bookerchester
1764,Port Randybury
1765,Lake Ricky
1766,Kyongton
1767,East Lea
1768,Sporerchester
1769,North Halhaven
1770,Homerburgh
1771,Quentinville
1772,Swiftburgh
1773,Walshland
1774,Lake Sidfort
1775,Lake Tawanda
1776,Port Charissaville
1777,Lake Troy
1778,Port Adalberto
1779,Michafurt
1780,Lake Betseyborough
1781,New Pearleneshire
1782,Port Sharolyn
1783,South Dawneburgh
1784,Lehnerside
1785,Lake Melanyton
1786,Kendrickmouth
1787,Lake Mauricefurt
1788,Moenside
1789,Hillsmouth
1790,Janelville
1791,Lake Lyndon
1792,Kulashaven
1793,Latinafort
1794,North Fredside
1795,McClureville
1796,East Gertie
1797,Rebatown
1798,Lake Jerrellville
1799,East Denice
1800,North Michael
1801,New Roosevelt
1802,Balistreriburgh
1803,Kuhicfurt
1804,Port Davidamouth
1805,Barneyhaven
1806,Bennymouth
1807,New Aliborough
1808,Crooksside
1809,East Rima
1810,Port Jackie
1811,North Christiana
1812,Jaskolskiland
1813,Lefflermouth
1814,New Weshaven
1815,Danberg
1816,Schultzchester
1817,North Theo
1818,North Stewart
1819,Wintheiserland
1820,Fisherville
1821,North Tayna
1822,Vinceborough
1823,Port Noemi
1824,Leonardton
1825,New Clifford
1826,Tylertown
1827,Albertland
1828,North Emilio
1829,Lake Billiemouth
1830,Croninland
1831,New Marx
1832,Luettgenburgh
1833,East Anette
1834,New Duncan
1835,Creminfort
1836,Jackchester
1837,North Keith
1838,Venessachester
1839,New Tainahaven
1840,Gutkowskishire
1841,New Ellen
1842,New Brianneborough
1843,Port Jeromyton
1844,Yenshire
1845,West Delmer
1846,New Pearlie
1847,Lake Franklyn
1848,Port Hisakohaven
1849,New Danny
1850,Rauberg
1851,Wendiebury
1852,West Coymouth
1853,Port Tosha
1854,Leonardburgh
1855,Majorshire
1856,Bashirianfort
1857,Boyerberg
1858,Ritchiehaven
1859,Toyfurt
1860,South Herbert
1861,New Ligiafort
1862,Napoleonchester
1863,New Ellan
1864,Millsburgh
1865,Port Seth
1866,Brownchester
1867,New Dontechester
1868,Brakusville
1869,South Ruthafort
1870,Sangbury
1871,Budville
1872,East Taylorton
1873,Rohanport
1874,West Noreenport
1875,East Bradfordburgh
1876,North Modesto
1877,Gleichnerberg
1878,North Nikia
1879,New Dominickland
1880,East Cory
1881,Port Krisfurt
1882,New Jeremy
1883,Langoshland
1884,North Denisemouth
1885,Russellton
1886,Elishaville
1887,Jordanchester
1888,North Rexberg
1889,Carmineborough
1890,Brendashire
1891,Port Jaimee
1892,Port Dara
1893,North Elvera
1894,Steffanietown
1895,East Chadwickshire
1896,Waltonmouth
1897,Jenifferhaven
1898,New Jeramy
1899,West Pat
1900,Brownbury
1901,New Elliott
1902,Port Antionetteland
1903,Balistreristad
1904,Lake Brett
1905,Davisborough
1906,West Mandabury
1907,Hicklehaven
1908,Botsfordborough
1909,Ericside
1910,East Andres
1911,West Jamelmouth
1912,Adamsborough
1913,Douglasmouth
1914,Bashiriantown
1915,Cruickshankport
1916,Rolandbury
1917,East Edelmira
1918,West Jesus
1919,Frankside
1920,Runolfssonborough
1921,New Ginoburgh
1922,Lake Wilfredbury
1923,Chuckview
1924,Leonfort
1925,Mercymouth
1926,Lake Willborough
1927,Sommerside
1928,Averyshire
1929,West Andrea
1930,Austinland
1931,East Frankiebury
1932,Deeshire
1933,Daynatown
1934,Auermouth
1935,Lake Trishside
1936,Laylafort
1937,Lake Chelsieville
1938,Dallasfurt
1939,Whitetown
1940,Lake Gaston
1941,North Vincentport
1942,North Carmenchester
1943,East Retha
1944,Myunghaven
1945,Scottyburgh
1946,Bednarshire
1947,Mrazmouth
1948,North Vince
1949,Beckerville
1950,Cassidymouth
1951,West Dominick
1952,South Jarvismouth
1953,Natashiastad
1954,Port Brigette
1955,Rudychester
1956,Durganstad
1957,East Mildredfort
1958,New Dorthea
1959,New Rafaelside
1960,Lueilwitzberg
1961,D'Amorefort
1962,Murazikmouth
1963,East Joselynton
1964,East Jerrellville
1965,Matildebury
1966,South Walterland
1967,New Janshire
1968,Hellerfurt
1969,South Debbi
1970,Kentborough
1971,Konopelskifurt
1972,Prosaccoborough
1973,North Jamisonchester
1974,Christelfurt
1975,New Earnestborough
1976,Myronberg
1977,West Theola
1978,Priceburgh
1979,Wuckertton
1980,Port Monroe
1981,West Parisland
1982,South Alphonsoside
1983,Shavonneborough
1984,McKenziechester
1985,Luiseburgh
1986,West Julieannville
1987,Ozzieport
1988,Lake Greg
1989,North Rocco
1990,Harveybury
1991,Nicholasside
1992,South Wilfordberg
1993,Zorafort
1994,Feltonberg
1995,West Coleen
1996,Creminstad
1997,North Rosario
1998,Kurtfort
1999,Parisfort
2000,Albinaview
2001,Faustoborough
2002,Bobbyville
2003,East Verona
2004,Faybury
2005,Lynnmouth
2006,Fayburgh
2007,Rosioshire
2008,Kihnstad
2009,Leonport
2010,Carafurt
2011,Alanmouth
2012,Tysonland
2013,Port Jimmy
2014,North Estebanfurt
2015,Port Denis
2016,West Mikel
2017,North Windy
2018,West Edwardfort
2019,Johnberg
2020,Feeneyberg
2021,Lindstad
2022,Ankundingport
2023,East Trinidad
2024,New Reginald
2025,Welchbury
2026,Danilletown
2027,Frediastad
2028,Chantemouth
2029,VonRuedenbury
2030,North Jeanmarie
2031,New Numbers
2032,Lake Abram
2033,Lake Dana
2034,Littelburgh
2035,Port Codyborough
2036,Port Cecil
2037,Garryton
2038,Port Jasonchester
2039,East Jasminestad
2040,East Gilbert
2041,Beckertown
2042,Kohlerhaven
2043,Port Marcstad
2044,Macejkovicport
2045,Port Cyrus
2046,Buckridgeberg
2047,Zaidabury
2048,Kelvinland
2049,West Lawrence
2050,Harleymouth
2051,Port Marioberg
2052,North Palmira
2053,Chadborough
2054,South Mariettaville
2055,West Dalemouth
2056,East Laverne
2057,North Adanstad
2058,East Irmgard
2059,Westton
2060,West Michal
2061,East Bradley
2062,Devinbury
2063,East Louieberg
2064,Carrolmouth
2065,Myronville
2066,South Raymonstad
2067,Schoenborough
2068,Dorieton
2069,Ernestburgh
2070,Taynaland
2071,North Werner
2072,North Milagros
2073,Port Kellyville
2074,New Arturofurt
2075,Lauraport
2076,New Careychester
2077,Jannieville
2078,North Derrickborough
2079,Virgiltown
2080,Hahnshire
2081,South Rashadfort
2082,Baileystad
2083,Kochchester
2084,South Earnestside
2085,South Angelita
2086,Kurtismouth
2087,Colechester
2088,South Aleshiatown
2089,North Ali
2090,West Lucio
2091,Noeliafort
2092,West Walterstad
2093,East Shinton
2094,New Jed
2095,Alphonsostad
2096,North Booker
2097,O'Reillychester
2098,Luannton
2099,Lake Jasmine
2100,Raynorport
2101,South Venice
2102,Ezequielshire
2103,Conroyberg
2104,Turnerton
2105,New Celestine
2106,Lake Freddie
2107,Port Shannonfurt
2108,West Nathanielbury
2109,Klingport
2110,Jovanfurt
2111,North Demetriusville
2112,Ullrichmouth
2113,South Merlinport
2114,Lake Pamula
2115,Jacobschester
2116,Funkside
2117,Port Kandis
2118,Yukstad
2119,Port Aureliomouth
2120,West Fernandoport
2121,New Lottie
2122,North Michaele
2123,West Madgeshire
2124,Lake Arnita
2125,Medhurstport
2126,Schambergerburgh
2127,Shalandahaven
2128,Lake Rudolf
2129,Pouroshaven
2130,North Jerilyn
2131,West Tanishamouth
2132,Port Trang
2133,Port Albertmouth
2134,West Avisborough
2135,Waltermouth
2136,Karinashire
2137,East Omar
2138,Kshlerinchester
2139,Legrosfurt
2140,Scottiefort
2141,North Valorietown
2142,Sharyltown
2143,Port Mitchborough
2144,West Deweyshire
2145,Cruickshankfort
2146,Mosesfort
2147,West Jospehberg
2148,New Lan
2149,Rosannechester
2150,Bednarfort
2151,Koreyberg
2152,Port Ladyshire
2153,East Sparkle
2154,Kesslerport
2155,New Justine
2156,Cletusmouth
2157,Corkeryland
2158,Maxwellhaven
2159,Lake Terrellshire
2160,New Leandrahaven
2161,Gerholdport
2162,Hilllshire
2163,Streichmouth
2164,South Blaine
2165,Lake Noahhaven
2166,Marisahaven
2167,New Liliaberg
2168,Port Barbarville
2169,Geraldoshire
2170,West Damianside
2171,Christiansenport
2172,Bernierfort
2173,Predovicshire
2174,Port Dorseyfurt
2175,Nannettetown
2176,Maisietown
2177,Caridadchester
2178,East Britteny
2179,West Renna
2180,West Annalee
2181,Port Elbert
2182,Bernardostad
2183,New Adolphmouth
2184,Jinfurt
2185,Rudyberg
2186,New Joetta
2187,West Sandy
2188,North Sylviaberg
2189,New Shawnberg
2190,New Damion
2191,East Percystad
2192,New Eugena
2193,Lake Napoleonborough
2194,East Kazuko
2195,South Coy
2196,Sallieview
2197,East Leonardo
2198,Lake Emely
2199,Lake Anhport
2200,South Larissamouth
2201,Cleorabury
2202,West Melody
2203,Huelsbury
2204,Hermannville
2205,Satterfieldshire
2206,Germanberg
2207,Port Galeton
2208,Abernathyton
2209,Lake Thersa
2210,West Edytheside
2211,South Taisha
2212,South Doria
2213,Port Kelly
2214,Gislasonville
2215,Lissabury
2216,East Robt
2217,Geraldomouth
2218,Port Abdulfort
2219,Schaeferbury
2220,Donitamouth
2221,Darwinton
2222,Lake Laticia
2223,Brookemouth
2224,Hilllchester
2225,Keelingview
2226,Ullrichland
2227,West Raymond
2228,New Cyrstal
2229,North Lesside
2230,Port Cory
2231,Port Joaquinland
2232,West Adolph
2233,East Carmen
2234,Francestown
2235,Johnieville
2236,Murphybury
2237,Jakubowskihaven
2238,Woodrowborough
2239,New Courtney
2240,Lake Arnold
2241,North Keishaview
2242,New Gordon
2243,West Mohammedland
2244,South Michaelshire
2245,Rosettatown
2246,South Jamel
2247,East Heikemouth
2248,North Weldonberg
2249,Handchester
2250,Sandyport
2251,Lake Lynnettetown
2252,New Usha
2253,Lake Thad
2254,New Gaylechester
2255,Lake Augustineburgh
2256,New Teddy
2257,Maxbury
2258,North Hermila
2259,Lake Kylebury
2260,Dickinsonside
2261,Pfannerstillmouth
2262,New Oleneville
2263,Carmonland
2264,Richfurt
2265,West Tequila
2266,Rossfurt
2267,West Elizebeth
2268,Vestaburgh
2269,South Hugoberg
2270,Shanahantown
2271,East Kenethfurt
2272,D'Amorestad
2273,West Marquitta
2274,Cummeratafurt
2275,Annalisaside
2276,Monroeport
2277,East Lionel
2278,East Elliotbury
2279,Mikelhaven
2280,North Evonhaven
2281,Prohaskaview
2282,Lake Erwinhaven
2283,Rubinburgh
2284,North Lyda
2285,West Shantehaven
2286,South Carmen
2287,West Benjamin
2288,New Charles
2289,Port Duanetown
2290,Raynortown
2291,West Wendellview
2292,East Rosia
2293,Jacobsonmouth
2294,West Karen
2295,Waynehaven
2296,Buckridgehaven
2297,Ervinmouth
2298,Mauriciobury
2299,West Josue
2300,New Alta
2301,New Norbertotown
2302,North Cyndiland
2303,Port Jeri
2304,Brownmouth
2305,East Iolaland
2306,East Kittie
2307,Carlosview
2308,South Parkerhaven
2309,North Rayfordtown
2310,Port Terencehaven
2311,West Barton
2312,Clementeside
2313,Ciaratown
2314,Nedraton
2315,Florafort
2316,Port Noraton
2317,Port Arianne
2318,North Leifbury
2319,Cristinview
2320,Steuberside
2321,South Verona
2322,West Melida
2323,West Sam
2324,Lake Tieshatown
2325,Florentinoton
2326,Medhurstshire
2327,North Arthurbury
2328,New Ashley
2329,Gerlachville
2330,Beattymouth
2331,Priceland
2332,Port Hollismouth
2333,Larsonfurt
2334,Randalmouth
2335,South Steviebury
2336,Greenfelderton
2337,Casimiraside
2338,Gloverland
2339,Darabury
2340,West Pastyborough
2341,Lindbury
2342,Daphineton
2343,Port Rosalia
2344,Masonberg
2345,New Graig
2346,East Sook
2347,Delberttown
2348,Yongberg
2349,Ronnymouth
2350,East Travis
2351,West Forrestborough
2352,Swaniawskiland
2353,South Kristina
2354,East Tammy
2355,North Cristihaven
2356,Bennettberg
2357,Lake Tim
2358,Leciashire
2359,Lake Marlinmouth
2360,Susannburgh
2361,McDermottfurt
2362,West Myungton
2363,Hauckhaven
2364,New Ralphstad
2365,West Julie
2366,Kundeshire
2367,Schinnershire
2368,Lake Doloresstad
2369,New Tyler
2370,East Starport
2371,Port Woodrow
2372,North Keithfurt
2373,North Bryce
2374,South Moseville
2375,Eldonside
2376,New Britthaven
2377,Douglasville
2378,Chungport
2379,Port Eliberg
2380,New Nicholasport
2381,Torpton
2382,Basilburgh
2383,Schuppehaven
2384,Ernserview
2385,Hegmannmouth
2386,South Shirley
2387,Sammiefurt
2388,West Valda
2389,West Bradybury
2390,North Jerryton
2391,Akikofurt
2392,North Rudolphborough
2393,Lake Magaliview
2394,Cassinberg
2395,New Wilfredo
2396,West Ike
2397,Renaldotown
2398,Waltershire
2399,Claudton
2400,South Geraldshire
2401,Dickensfort
2402,North Mauricio
2403,East Altonland
2404,Lake Tonyshire
2405,North Lawannafurt
2406,South Rossiefort
2407,Arlenaborough
2408,North Erynmouth
2409,North Blythetown
2410,West Titus
2411,Connellymouth
2412,Lake Josiah
2413,Port Cira
2414,North Ismael
2415,New Debbychester
2416,New Loyce
2417,Deidraland
2418,Leschmouth
2419,Gabriellestad
2420,Greenholtside
2421,South Carmelofurt
2422,Maggioborough
2423,Jameebury
2424,Jcburgh
2425,Strackehaven
2426,New Leighaport
2427,South Mike
2428,McDermottshire
2429,Malissaburgh
2430,New Juliantown
2431,Port Domingochester
2432,Grimeshaven
2433,Rohanstad
2434,Naderland
2435,Gerlachfurt
2436,Lake Dominqueborough
2437,Port Marty
2438,Feeneymouth
2439,Rueckerberg
2440,Rueckermouth
2441,Scottybury
2442,East Jordan
2443,West Camille
2444,Princetown
2445,Keeblerhaven
2446,Lake Geri
2447,East Alverashire
2448,Oberbrunnerberg
2449,West Freedaborough
2450,Port Clayton
2451,Lake Jacquelinmouth
2452,East Bryan
2453,West Eldon
2454,Timothyville
2455,Hayesside
2456,Port Clint
2457,Lake Nickie
2458,Dewittshire
2459,Bruenfurt
2460,Johnsville
2461,Lizethmouth
2462,Smithstad
2463,Koelpinborough
2464,West Tyrone
2465,Hirtheland
2466,Boyletown
2467,Rolandshire
2468,North Damienshire
2469,Ahmedshire
2470,Hayesburgh
2471,Lake Cody
2472,East Krisberg
2473,Lake Jeannettamouth
2474,New Dalia
2475,Lake Evanport
2476,South Brookhaven
2477,Priceton
2478,Port Chantay
2479,Carterbury
2480,Lake Vanesa
2481,West Jasmine
2482,New Roxiechester
2483,New Haiport
2484,North Vernton
2485,New Rupert
2486,North Daryl
2487,Olsonfort
2488,West Charlynfurt
2489,Lake Kyra
2490,Jacquiburgh
2491,Todborough
2492,Lettietown
2493,Lake Leonardo
2494,Port Wernermouth
2495,West Temple
2496,Kimihaven
2497,South Marlinfurt
2498,Boehmborough
2499,Boganton
2500,Weissnatton
2501,New Gina
2502,West Gustavoborough
2503,Osinskitown
2504,South Etta
2505,Ullrichside
2506,Lake Hollisfurt
2507,Francesview
2508,West Mingport
2509,Port Marjoriestad
2510,West Rodney
2511,Padbergton
2512,West Hosea
2513,Waelchifurt
2514,Roxannabury
2515,Konopelskichester
2516,Cristtown
2517,Elvinmouth
2518,West Antonyberg
2519,Vandervortville
2520,Magenmouth
2521,Lake Nickolasfort
2522,Alisonbury
2523,New Marylinmouth
2524,North Abbie
2525,West Lowellbury
2526,Port Maryaliceberg
2527,Pagacland
2528,West Marlinfurt
2529,Simaville
2530,Lexieton
2531,Nieveschester
2532,Lake Thalia
2533,Brianton
2534,New Eldoratown
2535,North Kennyville
2536,Port Erich
2537,West Shaeland
2538,New Chester
2539,East Jon
2540,South Edgarport
2541,Reneshire
2542,Patland
2543,Caronhaven
2544,New Lorraineton
2545,Kasandrabury
2546,New Kaliside
2547,Mrazshire
2548,Bauchview
2549,Predovicville
2550,Abshirebury
2551,Port Wilfredo
2552,Port Sherilyn
2553,North Renaeland
2554,Roccotown
2555,Daronfort
2556,Mickeyburgh
2557,Juniorburgh
2558,Claytonport
2559,Cheryleberg
2560,West Michealville
2561,Rathside
2562,Terrahaven
2563,Lake Hilario
2564,Felicitashaven
2565,Port Belvamouth
2566,Bartellmouth
2567,North Norikoberg
2568,East Tianashire
2569,Danmouth
2570,Okunevaville
2571,West Wendie
2572,Effertzmouth
2573,West Sherilyn
2574,Walshstad
2575,West Deannton
2576,Shanahanborough
2577,East Sibylshire
2578,Lake Lorenzo
2579,South Kyleton
2580,Letitiaberg
2581,New Rolfton
2582,Ritchietown
2583,Reichertport
2584,Breitenbergburgh
2585,Lake Joseph
2586,East Harlandfort
2587,Lamarborough
2588,East Rosenaport
2589,West Truman
2590,Boganfurt
2591,Derickborough
2592,Dickiburgh
2593,Port Vickiside
2594,Dickinsonhaven
2595,South Vernellburgh
2596,South Mattberg
2597,Treenaburgh
2598,New Kenland
2599,Mariamberg
2600,Erdmanton
2601,Uptonberg
2602,West Jess
2603,Hamillstad
2604,Dickside
2605,Pedroville
2606,South Irvinmouth
2607,Port Tierraberg
2608,Kubburgh
2609,Willettaborough
2610,Lake Laquanda
2611,Rosenbaumstad
2612,Granvillefurt
2613,South Demetriaside
2614,New Clyde
2615,West Nicholas
2616,Andersonborough
2617,East Berry
2618,Jamesport
2619,North Mora
2620,West Ellsworth
2621,Cammiestad
2622,South Rayna
2623,Harmonyberg
2624,Mayertfort
2625,Cecilview
2626,Morissetteport
2627,North Stephine
2628,East Ethan
2629,Lake Talitha
2630,West Keneth
2631,Port Clementina
2632,Lake Carissa
2633,North Guy
2634,Robertoview
2635,Larsonside
2636,Lake Lavern
2637,Cronashire
2638,Edisonstad
2639,Labadieberg
2640,Hermanchester
2641,Ernsertown
2642,Joieberg
2643,Christianaland
2644,Heathcotefurt
2645,North Madlyn
2646,North Hassan
2647,Veumchester
2648,Framiburgh
2649,North Lanette
2650,Considineland
2651,West Lucinaborough
2652,South Michel
2653,East George
2654,North Lesiaburgh
2655,South Shaquitaland
2656,Cummerataville
2657,West Jayson
2658,West Lashaymouth
2659,Langworthville
2660,Port Erick
2661,Shelbabury
2662,Port Debora
2663,Homenickshire
2664,West Luci
2665,Towneville
2666,Hillsberg
2667,South Almeda
2668,Gorczanyberg
2669,Parkerside
2670,Bernieside
2671,New Delmer
2672,South Claude
2673,Erdmanmouth
2674,New Lynell
2675,Port Milagroshire
2676,Shieldshaven
2677,Bradhaven
2678,New Emmie
2679,Mooremouth
2680,Cartwrightfurt
2681,Cassinville
2682,Lake Jeffersonport
2683,Lamarton
2684,West Robinfort
2685,New Natoshamouth
2686,New Ahmedfurt
2687,Lake Bernetta
2688,Port Oren
2689,East Emogene
2690,North Hilton
2691,Pollichshire
2692,Sheltonmouth
2693,East Kallie
2694,Port Marioton
2695,Mayerton
2696,East Leopoldohaven
2697,Andersonchester
2698,Socorroborough
2699,Port Brantburgh
2700,Collierstad
2701,New Antoine
2702,Suzyview
2703,New Ludivinashire
2704,Lake Erlineborough
2705,McDermottburgh
2706,Tomichester
2707,South Mercedesstad
2708,North Ike
2709,Armstrongport
2710,Halvorsonmouth
2711,Jonesville
2712,Port Lucreciachester
2713,East Noelleshire
2714,Isaiahburgh
2715,Octavioport
2716,Dickensfurt
2717,Turnerberg
2718,McKenzieland
2719,South Tiffanie
2720,North Larry
2721,Marciside
2722,Lylamouth
2723,East Jeroldville
2724,Port Mel
2725,North Titusview
2726,Port Micahbury
2727,Erikamouth
2728,Welchport
2729,Oberbrunnerstad
2730,Lake Lashawndamouth
2731,New Casimira
2732,Grimesport
2733,Manualmouth
2734,Raymondshire
2735,Carleechester
2736,Sydneyview
2737,Laverneborough
2738,Edport
2739,Dickinsonport
2740,Jeanaburgh
2741,Dalialand
2742,Dexterport
2743,Lake Stanton
2744,South Mickey
2745,West Edgarmouth
2746,West Fairyhaven
2747,Shawnton
2748,Lake Raul
2749,East Yvonefort
2750,Bogisichburgh
2751,Theodorefort
2752,Batzburgh
2753,New Shirly
2754,Eugenefurt
2755,Port Fredstad
2756,Uptonshire
2757,Emardberg
2758,New Trinidad
2759,Port Lowellberg
2760,Lake Trevorport
2761,Andersonmouth
2762,East Hyonfurt
2763,East Hazelport
2764,Pagacborough
2765,South Cynthia
2766,New Hana
2767,Phillipshire
2768,Wymanberg
2769,Lake Kerri
2770,Lake Buford
2771,Lake Darrylfurt
2772,North Coleman
2773,Carmelinaville
2774,North Karima
2775,Feeneyhaven
2776,East Douglassbury
2777,Reichertville
2778,Haleyfurt
2779,South Reubenville
2780,Roybury
2781,Quigleyborough
2782,Port Hong
2783,New Annamarieland
2784,North Scot
2785,Garyburgh
2786,East Brianneborough
2787,Terryborough
2788,New Jarrettfort
2789,South Frantown
2790,Carterberg
2791,Wildermanhaven
2792,Carloton
2793,Veumborough
2794,New Lizzettehaven
2795,Port Zane
2796,Trantowside
2797,Stehrberg
2798,West Carylon
2799,East Burtonmouth
2800,North Asleyborough
2801,South Royalville
2802,Olsonchester
2803,Kilbackberg
2804,Port Billy
2805,North Keven
2806,East Manual
2807,McKenzieborough
2808,Shanahanmouth
2809,Javierfurt
2810,Leeannton
2811,Port Hsiufurt
2812,Lake Cedric
2813,Earliemouth
2814,Lake Jongton
2815,O'Connerbury
2816,East Sharistad
2817,Homershire
2818,West Ted
2819,Bashirianberg
2820,West Darenborough
2821,South Chad
2822,Minnieborough
2823,South Mayaport
2824,East Arlie
2825,Port Madalineport
2826,North Queen
2827,Mullerfurt
2828,New Marlen
2829,Mellieview
2830,New Weldon
2831,Delorseside
2832,Stoltenbergburgh
2833,Valenefurt
2834,South Kileyborough
2835,East Jonelle
2836,Terryfurt
2837,East Issac
2838,Maxland
2839,Guillermostad
2840,West Hamouth
2841,North Guillermofort
2842,West Clydeberg
2843,Karlyland
2844,Westfort
2845,Kassulkehaven
2846,East Lien
2847,Lake Abrahamfort
2848,Runtefort
2849,North Estelleport
2850,New Melvina
2851,Port Cinderellaton
2852,Florentinachester
2853,Lelahfort
2854,East Seymourmouth
2855,Manntown
2856,Gertudeborough
2857,East Thersa
2858,Danialland
2859,New Emelinebury
2860,South Tynishashire
2861,Jakubowskiview
2862,Derickfort
2863,Port Darcimouth
2864,North Raeberg
2865,Port Edgardoborough
2866,South Mora
2867,West Edgardo
2868,East Tomika
2869,Doreenmouth
2870,Port Chongshire
2871,Lake Cedricberg
2872,North Annikahaven
2873,New Erichmouth
2874,Lake Thanhview
2875,Tylerstad
2876,West Collenestad
2877,Port Kendrickville
2878,Robbyville
2879,South Carlo
2880,Lake Everettebury
2881,West Claratown
2882,East Michelina
2883,Port Celia
2884,Hoppeview
2885,Lake Johnnie
2886,Daniashire
2887,Suzanneton
2888,Flatleyland
2889,Allenbury
2890,Leostad
2891,Port Reggie
2892,Mrazfurt
2893,South Granville
2894,Port Loryborough
2895,New Shari
2896,Marleenland
2897,New Herman
2898,Port Adamton
2899,Durganside
2900,Debbieside
2901,Juliushaven
2902,North Enochchester
2903,East Alana
2904,South Hoseaberg
2905,Port Porfirio
2906,New Jonihaven
2907,Runtestad
2908,Bartolettiland
2909,Graigtown
2910,Lake Kerenton
2911,Port Patside
2912,South Cletushaven
2913,Millsfurt
2914,Mauroport
2915,Monteville
2916,Venashire
2917,Tempiebury
2918,Mohrborough
2919,Irashire
2920,Denitafort
2921,East Myronburgh
2922,Lake Jules
2923,D'Amoreville
2924,West Candiland
2925,New Kourtney
2926,North Willard
2927,Marentown
2928,Emardtown
2929,North Marylou
2930,North Rickyfurt
2931,Harriettfort
2932,Beierview
2933,Aureliofurt
2934,Schaeferchester
2935,East Joestad
2936,Kyleville
2937,North Gilbert
2938,East Lang
2939,Earlton
2940,Satterfieldland
2941,Port Chrisburgh
2942,Wisozkside
2943,Maxwellfort
2944,Beierfurt
2945,Lake Marcel
2946,Weissnatfort
2947,South Marylou
2948,South Korey
2949,West Gerald
2950,Port Sharondabury
2951,Esterville
2952,Lake Leighborough
2953,Huelsview
2954,Dachborough
2955,Irvingland
2956,Veroniquemouth
2957,Renaport
2958,West Palmirashire
2959,East Linette
2960,Armandoside
2961,Walkermouth
2962,Franeckihaven
2963,Blakeshire
2964,East Lacresha
2965,East Fidelabury
2966,Cristobalmouth
2967,South Norberto
2968,Shayneberg
2969,Robertmouth
2970,Breitenbergchester
2971,Reichertton
2972,New Hipolitoshire
2973,Alvamouth
2974,Brandonfurt
2975,Port Lino
2976,South Markitamouth
2977,Emmerichfurt
2978,East Napoleon
2979,Donnettaton
2980,Maureenside
2981,Lenardborough
2982,North Montehaven
2983,East Larueview
2984,Sauerton
2985,West Timothyton
2986,South Azucena
2987,New Fredia
2988,Nichollefurt
2989,Ritchieburgh
2990,Lake Jameyfort
2991,Raynorton
2992,East Hyman
2993,Lake Koryview
2994,Lefflerville
2995,Jakubowskiberg
2996,Tyraberg
2997,Keithview
2998,Kariechester
2999,South Santo
3000,New Winstonmouth
3001,West Jolene
3002,North Sammy
3003,South Judeberg
3004,Diegoport
3005,Feilfort
3006,Stiedemannmouth
3007,Port Rhettstad
3008,West Eliseochester
3009,Rosenbaumburgh
3010,East Carisa
3011,Marshalltown
3012,Lake Edgardofort
3013,Annitaton
3014,Langoshburgh
3015,New Alonzo
3016,East Reggiefurt
3017,Dollieton
3018,Nienowberg
3019,Ashelyside
3020,Lake Brandenfort
3021,Galenfort
3022,Cormierborough
3023,Aprylshire
3024,Marlahaven
3025,New Tarenhaven
3026,West Brendan
3027,Macejkovicburgh
3028,North Chiekoshire
3029,Dietrichton
3030,Denesikhaven
3031,East Shauntamouth
3032,West Monteview
3033,Karlview
3034,West Keena
3035,Kuhlmanberg
